Game Name,Genre,Platform,Mode,Style,Difficulty,Rating,Release Year,Developer,Graphics Type,Game Length,Multiplayer Type,Popularity Score
Epic Champions 1,Racing,Mobile,Single Player,Tactical,Easy,7.7,2023,Nintendo,Anime,Medium,Solo,78
Mystic World 2,Shooter,Xbox,Single Player,Story Based,Easy,9.6,2018,Bethesda,Cartoon,Medium,Competitive,92
Battle Arena 3,RPG,Mobile,Single Player,Story Based,Hard,8.9,2023,Capcom,Cartoon,Short,Online Co-op,76
Space Raiders 4,Survival,PC,Multiplayer,Story Based,Hard,8.5,2020,Activision,Cartoon,Long,Competitive,72
Road Fury 5,Strategy,Nintendo,Single Player,Simulation,Easy,7.0,2016,Activision,Pixel,Long,Solo,95
Dark Odyssey 6,Racing,PC,Single Player,Sandbox,Hard,7.0,2022,EA Sports,Realistic,Medium,Casual,87
Space Raiders 7,Horror,PC,Single Player,Tactical,Hard,6.7,2020,Epic Games,Anime,Medium,LAN,80
Pixel Warriors 8,Action,PC,Single Player,Battle Royale,Hard,9.4,2021,EA Sports,Realistic,Long,LAN,76
Cyber Quest 9,Simulation,Mobile,Single Player,Simulation,Hard,8.5,2021,EA Sports,Realistic,Short,Casual,78
Shadow Strike 10,RPG,Nintendo,Multiplayer,Open World,Easy,8.8,2023,Capcom,Realistic,Long,Online Co-op,70
Speed Legends 11,Action,Xbox,Multiplayer,Battle Royale,Easy,6.6,2024,Nintendo,Cartoon,Long,Online Co-op,98
Pixel Warriors 12,Action,Xbox,Single Player,Sandbox,Hard,9.7,2017,Nintendo,3D,Long,Competitive,83
Night Hunter 13,Sports,Mobile,Single Player,Sandbox,Medium,9.2,2024,Valve,Cartoon,Long,Casual,89
Epic Champions 14,Survival,Nintendo,Multiplayer,Sandbox,Easy,7.2,2025,Bethesda,Cartoon,Medium,Online Co-op,75
Epic Champions 15,Simulation,Mobile,Single Player,Battle Royale,Easy,7.1,2024,Capcom,Realistic,Medium,Casual,76
Pixel Warriors 16,Shooter,PC,Single Player,Battle Royale,Hard,7.1,2025,Valve,Cartoon,Short,Solo,79
Speed Legends 17,Strategy,PlayStation,Multiplayer,Story Based,Easy,7.5,2025,Rockstar,Realistic,Short,LAN,76
Pixel Warriors 18,Survival,Nintendo,Multiplayer,Open World,Hard,8.2,2022,Bethesda,3D,Short,LAN,95
Space Raiders 19,Strategy,PC,Single Player,Battle Royale,Easy,7.9,2016,Bethesda,Anime,Short,LAN,71
Battle Arena 20,RPG,PlayStation,Multiplayer,Simulation,Easy,7.5,2022,CD Projekt,Realistic,Long,Casual,99
Dragon Realm 21,Horror,PC,Single Player,Simulation,Hard,8.5,2025,CD Projekt,3D,Medium,Casual,73
Survival Zone 22,Strategy,Mobile,Multiplayer,Sandbox,Medium,7.0,2020,Ubisoft,Anime,Medium,Competitive,90
Dragon Realm 23,Adventure,PlayStation,Single Player,Sandbox,Easy,7.5,2021,Ubisoft,Pixel,Short,LAN,99
Mystic World 24,Action,Xbox,Single Player,Simulation,Hard,7.7,2025,EA Sports,Realistic,Short,Competitive,97
Dark Odyssey 25,Racing,PC,Single Player,Sandbox,Medium,8.0,2022,Rockstar,Realistic,Long,LAN,86
Fantasy Kings 26,Action,Xbox,Single Player,Tactical,Medium,9.1,2020,Activision,Pixel,Long,Competitive,70
Battle Arena 27,Survival,PlayStation,Multiplayer,Tactical,Hard,7.2,2022,Activision,Pixel,Short,Competitive,79
Survival Zone 28,Adventure,PlayStation,Single Player,Battle Royale,Medium,8.2,2024,CD Projekt,Realistic,Medium,Solo,88
Dark Odyssey 29,Simulation,Xbox,Multiplayer,Story Based,Medium,8.5,2018,CD Projekt,Pixel,Medium,Competitive,84
Epic Champions 30,Shooter,Mobile,Single Player,Tactical,Easy,6.7,2023,CD Projekt,Cartoon,Medium,Casual,79
Epic Champions 31,Racing,PC,Multiplayer,Battle Royale,Medium,8.5,2017,Capcom,Anime,Short,Competitive,88
Hero Clash 32,Horror,PlayStation,Multiplayer,Open World,Easy,7.1,2022,Epic Games,Anime,Medium,LAN,81
Cyber Quest 33,RPG,Nintendo,Multiplayer,Simulation,Hard,6.7,2017,Ubisoft,Anime,Long,Competitive,93
Fantasy Kings 34,Simulation,PlayStation,Single Player,Tactical,Easy,9.6,2019,Capcom,Cartoon,Long,Online Co-op,85
Survival Zone 35,Adventure,Nintendo,Multiplayer,Tactical,Easy,9.7,2022,Nintendo,Pixel,Short,LAN,78
Hero Clash 36,Strategy,Nintendo,Multiplayer,Simulation,Medium,9.2,2018,Activision,3D,Long,Online Co-op,84
Zombie Escape 37,Action,Mobile,Multiplayer,Battle Royale,Easy,7.5,2017,Bethesda,Pixel,Short,LAN,99
Hero Clash 38,Survival,PC,Multiplayer,Sandbox,Medium,6.8,2025,Ubisoft,Realistic,Medium,Casual,96
Pixel Warriors 39,Horror,Mobile,Single Player,Story Based,Easy,8.8,2022,Valve,Anime,Medium,Casual,97
Survival Zone 40,RPG,PlayStation,Multiplayer,Story Based,Medium,8.0,2016,Nintendo,Pixel,Medium,Casual,86
Dark Odyssey 41,Sports,Mobile,Multiplayer,Story Based,Hard,6.9,2023,Ubisoft,3D,Long,Online Co-op,83
Zombie Escape 42,Strategy,Nintendo,Single Player,Tactical,Hard,8.1,2018,Capcom,Realistic,Short,Solo,96
Night Hunter 43,Sports,PC,Single Player,Tactical,Medium,6.6,2017,Rockstar,Cartoon,Medium,LAN,87
Dark Odyssey 44,Action,Mobile,Single Player,Sandbox,Easy,9.5,2018,Bethesda,Cartoon,Short,Casual,95
Pixel Warriors 45,Horror,PC,Single Player,Tactical,Easy,7.4,2020,Ubisoft,3D,Medium,LAN,71
Hero Clash 46,RPG,Xbox,Multiplayer,Tactical,Hard,8.7,2023,Epic Games,Realistic,Long,Online Co-op,73
Speed Legends 47,Sports,PC,Single Player,Battle Royale,Hard,7.5,2025,CD Projekt,Anime,Long,Solo,87
Pixel Warriors 48,Shooter,Nintendo,Multiplayer,Sandbox,Easy,8.2,2022,CD Projekt,Pixel,Short,Online Co-op,76
Hero Clash 49,Adventure,PC,Multiplayer,Story Based,Medium,8.3,2022,Bethesda,Realistic,Long,LAN,82
Zombie Escape 50,Action,PlayStation,Multiplayer,Open World,Medium,7.1,2022,Capcom,Cartoon,Long,Solo,84
Zombie Escape 51,Adventure,Xbox,Single Player,Story Based,Medium,9.7,2023,CD Projekt,3D,Short,Solo,94
Space Raiders 52,Adventure,Xbox,Single Player,Tactical,Medium,9.1,2016,Ubisoft,3D,Medium,Online Co-op,92
Battle Arena 53,Racing,Xbox,Single Player,Open World,Easy,9.6,2019,Valve,Pixel,Long,Casual,97
Night Hunter 54,Adventure,Xbox,Single Player,Battle Royale,Hard,9.5,2021,Activision,3D,Short,LAN,91
Road Fury 55,Survival,Nintendo,Multiplayer,Open World,Medium,8.5,2024,Activision,3D,Long,Competitive,95
Dark Odyssey 56,Strategy,PlayStation,Multiplayer,Tactical,Easy,9.5,2017,Nintendo,Realistic,Long,Competitive,70
Cyber Quest 57,Horror,PC,Single Player,Battle Royale,Easy,6.8,2016,EA Sports,Anime,Long,Online Co-op,80
Speed Legends 58,Shooter,PC,Single Player,Open World,Hard,7.1,2025,Rockstar,Pixel,Long,LAN,79
Speed Legends 59,Shooter,Nintendo,Single Player,Tactical,Easy,6.6,2017,Bethesda,Realistic,Short,LAN,94
Shadow Strike 60,Survival,PC,Single Player,Battle Royale,Easy,7.6,2022,Nintendo,Anime,Short,Online Co-op,74
Shadow Strike 61,Strategy,Nintendo,Single Player,Battle Royale,Easy,7.8,2018,EA Sports,Realistic,Short,LAN,85
Dark Odyssey 62,Horror,Nintendo,Single Player,Open World,Medium,7.4,2025,Capcom,Realistic,Long,Casual,80
Dark Odyssey 63,Shooter,PC,Multiplayer,Simulation,Medium,9.2,2017,Epic Games,3D,Long,Online Co-op,90
Shadow Strike 64,Strategy,Mobile,Multiplayer,Sandbox,Medium,7.7,2022,Epic Games,Anime,Long,Casual,75
Zombie Escape 65,Adventure,Mobile,Multiplayer,Simulation,Hard,7.4,2017,Rockstar,Pixel,Short,LAN,78
Pixel Warriors 66,Strategy,Mobile,Multiplayer,Story Based,Easy,8.3,2018,CD Projekt,Pixel,Long,Online Co-op,82
Cyber Quest 67,Survival,Nintendo,Single Player,Tactical,Medium,7.0,2022,Ubisoft,Anime,Medium,LAN,93
Battle Arena 68,RPG,PlayStation,Multiplayer,Simulation,Easy,9.1,2019,Nintendo,3D,Long,Online Co-op,77
Mystic World 69,RPG,PC,Single Player,Story Based,Medium,6.7,2016,Nintendo,Cartoon,Medium,LAN,83
Road Fury 70,RPG,PlayStation,Single Player,Sandbox,Easy,9.8,2020,Bethesda,Realistic,Long,Casual,93
Fantasy Kings 71,Simulation,PC,Multiplayer,Open World,Easy,9.0,2024,Bethesda,3D,Short,Casual,70
Mystic World 72,Strategy,Xbox,Multiplayer,Tactical,Easy,7.2,2023,Epic Games,Anime,Long,LAN,86
Road Fury 73,Strategy,Mobile,Multiplayer,Battle Royale,Easy,6.5,2024,Epic Games,Realistic,Medium,Online Co-op,93
Cyber Quest 74,Adventure,PlayStation,Single Player,Tactical,Hard,9.2,2025,Valve,Pixel,Medium,Competitive,74
Shadow Strike 75,RPG,Xbox,Single Player,Simulation,Easy,8.8,2024,Valve,Cartoon,Long,Casual,94
Dragon Realm 76,Strategy,Nintendo,Single Player,Battle Royale,Medium,8.9,2022,CD Projekt,Pixel,Medium,Casual,71
Survival Zone 77,Racing,PlayStation,Multiplayer,Story Based,Medium,9.0,2019,Valve,Anime,Medium,Competitive,94
Night Hunter 78,Adventure,Xbox,Multiplayer,Open World,Hard,6.7,2020,Ubisoft,Realistic,Short,LAN,97
Hero Clash 79,Adventure,Xbox,Single Player,Sandbox,Medium,7.7,2016,Ubisoft,Anime,Long,Online Co-op,99
Dark Odyssey 80,Racing,Nintendo,Single Player,Battle Royale,Medium,6.9,2016,Nintendo,Realistic,Long,LAN,93
Dragon Realm 81,Shooter,Mobile,Multiplayer,Open World,Hard,9.3,2018,Activision,3D,Long,Solo,78
Battle Arena 82,Action,Xbox,Multiplayer,Sandbox,Easy,8.6,2023,Ubisoft,Cartoon,Medium,Casual,73
Cyber Quest 83,Shooter,PC,Multiplayer,Battle Royale,Medium,7.6,2017,EA Sports,3D,Long,Solo,86
Hero Clash 84,Action,PlayStation,Single Player,Battle Royale,Hard,6.7,2019,Epic Games,3D,Long,Casual,86
Mystic World 85,Sports,PlayStation,Single Player,Open World,Hard,7.5,2017,Bethesda,Anime,Short,Casual,90
Space Raiders 86,Strategy,Mobile,Multiplayer,Simulation,Easy,7.6,2020,Valve,Cartoon,Short,Solo,87
Space Raiders 87,Adventure,PC,Multiplayer,Sandbox,Medium,8.9,2024,Nintendo,Realistic,Short,Solo,85
Shadow Strike 88,Horror,PlayStation,Multiplayer,Tactical,Medium,8.6,2016,Rockstar,Realistic,Medium,LAN,99
Cyber Quest 89,Adventure,Xbox,Multiplayer,Tactical,Easy,9.4,2020,Bethesda,Pixel,Long,Solo,77
Space Raiders 90,Strategy,PlayStation,Single Player,Simulation,Hard,8.1,2024,EA Sports,Realistic,Short,LAN,95
Dragon Realm 91,Horror,Nintendo,Single Player,Battle Royale,Hard,6.9,2016,Valve,Anime,Short,LAN,80
Hero Clash 92,Adventure,PlayStation,Multiplayer,Sandbox,Hard,8.9,2024,EA Sports,3D,Short,LAN,90
Pixel Warriors 93,Action,PlayStation,Multiplayer,Sandbox,Medium,9.0,2023,Epic Games,3D,Long,Casual,90
Dark Odyssey 94,Adventure,PC,Multiplayer,Battle Royale,Medium,8.4,2019,Epic Games,3D,Long,Casual,87
Pixel Warriors 95,Adventure,Xbox,Multiplayer,Open World,Medium,9.0,2025,CD Projekt,Cartoon,Long,Solo,92
Fantasy Kings 96,Horror,Mobile,Single Player,Story Based,Medium,8.1,2020,Nintendo,Realistic,Medium,Casual,98
Speed Legends 97,Survival,Xbox,Single Player,Tactical,Hard,8.2,2020,Bethesda,Anime,Medium,Solo,93
Mystic World 98,Horror,Nintendo,Multiplayer,Tactical,Easy,7.9,2021,Capcom,Cartoon,Short,Casual,79
Space Raiders 99,Adventure,PC,Single Player,Tactical,Medium,6.6,2022,Capcom,Pixel,Long,Online Co-op,82
Survival Zone 100,Adventure,PlayStation,Multiplayer,Open World,Hard,6.9,2023,Bethesda,Anime,Short,Online Co-op,86
Space Raiders 101,Simulation,PlayStation,Multiplayer,Story Based,Hard,6.6,2023,Rockstar,Anime,Long,Solo,87
Cyber Quest 102,Action,PlayStation,Single Player,Open World,Easy,8.6,2017,Nintendo,Anime,Long,Casual,79
Cyber Quest 103,Racing,PC,Single Player,Sandbox,Hard,7.5,2024,EA Sports,3D,Long,Casual,85
Shadow Strike 104,Sports,Nintendo,Multiplayer,Tactical,Hard,8.2,2022,Rockstar,Anime,Medium,LAN,89
Road Fury 105,Horror,PC,Single Player,Story Based,Medium,9.5,2019,Activision,Realistic,Medium,Competitive,74
Shadow Strike 106,Racing,Mobile,Multiplayer,Tactical,Medium,7.3,2019,Bethesda,Anime,Long,Solo,82
Cyber Quest 107,Strategy,PlayStation,Single Player,Story Based,Easy,7.9,2023,EA Sports,3D,Short,Competitive,87
Pixel Warriors 108,Shooter,Mobile,Single Player,Story Based,Hard,9.0,2019,Capcom,Anime,Long,Competitive,86
Night Hunter 109,Racing,PC,Single Player,Battle Royale,Easy,7.3,2021,Ubisoft,Pixel,Long,Solo,78
Road Fury 110,Strategy,Xbox,Single Player,Battle Royale,Medium,6.8,2020,CD Projekt,Pixel,Short,Casual,83
Cyber Quest 111,Action,Xbox,Single Player,Sandbox,Easy,7.5,2018,Capcom,3D,Long,Solo,86
Road Fury 112,Strategy,PC,Single Player,Battle Royale,Medium,7.0,2025,Nintendo,Realistic,Short,Competitive,98
Mystic World 113,Horror,Xbox,Single Player,Simulation,Easy,9.6,2017,Epic Games,Realistic,Medium,Casual,73
Zombie Escape 114,Horror,PlayStation,Single Player,Story Based,Medium,9.2,2024,Ubisoft,Cartoon,Medium,Online Co-op,87
Zombie Escape 115,Sports,Xbox,Multiplayer,Simulation,Hard,8.6,2025,CD Projekt,3D,Short,Solo,96
Battle Arena 116,Horror,Nintendo,Single Player,Battle Royale,Easy,9.4,2024,CD Projekt,Anime,Medium,Solo,89
Cyber Quest 117,Strategy,Xbox,Single Player,Simulation,Medium,9.2,2016,Activision,3D,Medium,Casual,93
Fantasy Kings 118,Sports,Mobile,Multiplayer,Tactical,Medium,7.1,2025,Activision,Cartoon,Short,Online Co-op,93
Pixel Warriors 119,Horror,Mobile,Single Player,Open World,Hard,9.4,2018,Valve,3D,Medium,Online Co-op,84
Epic Champions 120,Simulation,PC,Multiplayer,Simulation,Easy,8.3,2023,Capcom,3D,Long,Casual,80
Dragon Realm 121,Sports,PC,Multiplayer,Battle Royale,Easy,9.2,2021,Capcom,Cartoon,Long,LAN,81
Epic Champions 122,Racing,Mobile,Multiplayer,Battle Royale,Easy,9.5,2020,Capcom,Realistic,Short,Solo,78
Pixel Warriors 123,Sports,PC,Multiplayer,Open World,Hard,7.5,2020,Valve,Anime,Medium,Solo,82
Epic Champions 124,Adventure,PlayStation,Single Player,Open World,Hard,6.9,2021,Rockstar,Cartoon,Long,Competitive,84
Space Raiders 125,Simulation,Nintendo,Multiplayer,Story Based,Medium,7.3,2022,CD Projekt,Pixel,Long,Casual,96
Epic Champions 126,Horror,PC,Single Player,Battle Royale,Medium,7.9,2016,Ubisoft,Realistic,Medium,Competitive,84
Pixel Warriors 127,Sports,Xbox,Multiplayer,Battle Royale,Easy,9.2,2024,Nintendo,Pixel,Medium,Competitive,97
Fantasy Kings 128,Action,PC,Single Player,Story Based,Easy,9.3,2018,CD Projekt,Realistic,Long,Online Co-op,74
Epic Champions 129,Horror,Nintendo,Single Player,Story Based,Hard,6.5,2019,Activision,Anime,Long,Solo,92
Pixel Warriors 130,Racing,Xbox,Single Player,Simulation,Medium,8.2,2025,EA Sports,Anime,Short,Competitive,88
Dragon Realm 131,Survival,PC,Single Player,Open World,Medium,7.9,2016,Epic Games,3D,Short,Online Co-op,95
Zombie Escape 132,Strategy,Xbox,Multiplayer,Battle Royale,Easy,7.2,2025,Valve,Pixel,Long,Casual,89
Mystic World 133,Survival,PlayStation,Single Player,Open World,Hard,6.9,2018,Bethesda,Realistic,Short,Competitive,95
Pixel Warriors 134,Adventure,PlayStation,Multiplayer,Tactical,Hard,7.6,2017,EA Sports,Anime,Long,Solo,94
Hero Clash 135,Racing,Xbox,Single Player,Story Based,Easy,9.6,2017,Nintendo,Cartoon,Long,Competitive,95
Hero Clash 136,Action,Mobile,Multiplayer,Open World,Hard,7.6,2016,Capcom,Anime,Short,Casual,95
Pixel Warriors 137,Simulation,PC,Single Player,Open World,Easy,8.2,2023,Activision,Cartoon,Short,Competitive,83
Pixel Warriors 138,Horror,PlayStation,Multiplayer,Story Based,Hard,8.8,2018,Activision,Realistic,Medium,Solo,97
Night Hunter 139,Simulation,Xbox,Multiplayer,Tactical,Hard,7.7,2018,Activision,Anime,Medium,Online Co-op,86
Shadow Strike 140,Racing,Mobile,Multiplayer,Sandbox,Hard,9.7,2021,Capcom,Anime,Medium,Solo,87
Fantasy Kings 141,Survival,Xbox,Single Player,Open World,Medium,9.7,2023,Bethesda,Realistic,Long,Online Co-op,90
Cyber Quest 142,Shooter,PC,Multiplayer,Simulation,Easy,7.3,2024,Valve,Anime,Short,LAN,72
Dragon Realm 143,Sports,Mobile,Single Player,Story Based,Easy,8.1,2024,EA Sports,Cartoon,Long,Solo,71
Fantasy Kings 144,Sports,Xbox,Multiplayer,Simulation,Hard,7.5,2019,Capcom,Anime,Short,Solo,70
Mystic World 145,Racing,Nintendo,Single Player,Tactical,Medium,7.4,2020,Nintendo,Pixel,Long,Casual,79
Shadow Strike 146,Adventure,PlayStation,Multiplayer,Tactical,Hard,6.6,2017,Valve,3D,Medium,Competitive,88
Speed Legends 147,Survival,Xbox,Single Player,Tactical,Medium,8.5,2024,Nintendo,Cartoon,Medium,Online Co-op,86
Hero Clash 148,Sports,Nintendo,Multiplayer,Sandbox,Medium,8.2,2023,Valve,Pixel,Medium,Online Co-op,81
Zombie Escape 149,Simulation,Nintendo,Single Player,Battle Royale,Medium,6.7,2018,Bethesda,Realistic,Long,Casual,70
Epic Champions 150,Action,Mobile,Single Player,Story Based,Medium,7.4,2024,Epic Games,Cartoon,Short,Casual,81
Battle Arena 151,Shooter,Mobile,Single Player,Story Based,Hard,9.5,2018,Nintendo,3D,Short,Competitive,86
Shadow Strike 152,Survival,PlayStation,Single Player,Simulation,Medium,7.3,2024,Capcom,3D,Medium,Competitive,93
Dark Odyssey 153,Shooter,Nintendo,Single Player,Open World,Hard,7.0,2017,Valve,Realistic,Medium,Solo,72
Cyber Quest 154,Sports,Nintendo,Single Player,Tactical,Hard,8.1,2025,Activision,Realistic,Medium,LAN,80
Road Fury 155,Racing,Mobile,Multiplayer,Simulation,Hard,9.8,2024,CD Projekt,Cartoon,Medium,Competitive,86
Shadow Strike 156,Horror,PC,Single Player,Battle Royale,Hard,7.3,2023,Activision,Anime,Short,Casual,92
Night Hunter 157,Survival,Mobile,Single Player,Story Based,Easy,8.7,2024,Rockstar,Realistic,Long,Competitive,95
Survival Zone 158,Survival,PC,Single Player,Open World,Easy,9.0,2020,Epic Games,Anime,Long,Online Co-op,72
Shadow Strike 159,Racing,Xbox,Multiplayer,Story Based,Hard,7.3,2017,Epic Games,Pixel,Long,LAN,77
Shadow Strike 160,RPG,Mobile,Multiplayer,Story Based,Medium,8.9,2023,Activision,3D,Long,Solo,89
Mystic World 161,RPG,PlayStation,Multiplayer,Story Based,Hard,7.7,2021,EA Sports,Anime,Medium,Online Co-op,73
Survival Zone 162,Survival,Xbox,Multiplayer,Tactical,Medium,8.6,2023,Bethesda,3D,Medium,Online Co-op,90
Mystic World 163,Horror,Xbox,Single Player,Story Based,Easy,8.6,2020,Nintendo,Anime,Medium,LAN,91
Road Fury 164,Shooter,Xbox,Multiplayer,Story Based,Easy,8.3,2025,Capcom,Pixel,Long,Solo,76
Shadow Strike 165,Strategy,Mobile,Multiplayer,Tactical,Hard,6.8,2017,Epic Games,Realistic,Medium,Casual,83
Dark Odyssey 166,Strategy,PC,Single Player,Sandbox,Medium,9.3,2021,Activision,Pixel,Medium,Solo,83
Battle Arena 167,Horror,PlayStation,Single Player,Sandbox,Easy,7.6,2020,Activision,Realistic,Short,Competitive,73
Zombie Escape 168,Horror,Mobile,Single Player,Tactical,Easy,7.1,2020,Bethesda,Realistic,Short,Online Co-op,85
Fantasy Kings 169,Horror,Mobile,Multiplayer,Simulation,Easy,6.6,2016,Bethesda,3D,Medium,Competitive,93
Shadow Strike 170,Racing,Mobile,Single Player,Battle Royale,Easy,8.4,2017,Ubisoft,Pixel,Short,Casual,98
Battle Arena 171,Strategy,Nintendo,Single Player,Simulation,Hard,8.7,2023,Ubisoft,Anime,Short,Competitive,91
Hero Clash 172,Action,PC,Single Player,Sandbox,Easy,6.6,2018,EA Sports,Pixel,Medium,Solo,99
Mystic World 173,Survival,Nintendo,Multiplayer,Sandbox,Hard,8.2,2025,EA Sports,3D,Medium,Competitive,70
Battle Arena 174,Horror,PC,Single Player,Tactical,Easy,7.2,2018,Rockstar,Realistic,Medium,Casual,86
Dark Odyssey 175,RPG,Xbox,Multiplayer,Tactical,Medium,8.6,2023,EA Sports,3D,Medium,Casual,94
Battle Arena 176,RPG,Xbox,Single Player,Sandbox,Medium,7.1,2023,Valve,Cartoon,Long,Casual,79
Pixel Warriors 177,Simulation,PC,Multiplayer,Sandbox,Medium,8.8,2017,Bethesda,Cartoon,Long,Solo,91
Zombie Escape 178,Racing,PC,Multiplayer,Simulation,Hard,7.8,2023,Capcom,Anime,Medium,Casual,85
Fantasy Kings 179,Simulation,Nintendo,Multiplayer,Battle Royale,Hard,9.6,2016,Valve,3D,Short,Online Co-op,85
Hero Clash 180,Racing,Nintendo,Multiplayer,Open World,Medium,7.0,2021,Nintendo,Anime,Medium,Casual,95
Epic Champions 181,Strategy,Nintendo,Single Player,Tactical,Hard,7.6,2023,Activision,Anime,Medium,Competitive,77
Fantasy Kings 182,Strategy,Mobile,Single Player,Story Based,Easy,6.9,2018,EA Sports,Cartoon,Short,Competitive,98
Epic Champions 183,RPG,Nintendo,Multiplayer,Battle Royale,Hard,9.6,2023,Activision,Anime,Long,Competitive,76
Space Raiders 184,Action,Nintendo,Multiplayer,Simulation,Medium,9.4,2016,Epic Games,Cartoon,Medium,Solo,97
Hero Clash 185,Simulation,Nintendo,Single Player,Open World,Medium,7.4,2024,Rockstar,Realistic,Medium,Competitive,75
Dragon Realm 186,Strategy,PC,Multiplayer,Battle Royale,Easy,8.7,2024,Epic Games,3D,Long,Solo,85
Night Hunter 187,Shooter,Xbox,Single Player,Sandbox,Hard,9.2,2020,Rockstar,Anime,Long,Solo,89
Night Hunter 188,Survival,Nintendo,Single Player,Simulation,Medium,8.3,2025,Ubisoft,Cartoon,Short,Casual,85
Hero Clash 189,Shooter,PC,Multiplayer,Sandbox,Hard,8.2,2019,Activision,Pixel,Long,Online Co-op,76
Mystic World 190,Racing,PlayStation,Multiplayer,Simulation,Easy,7.3,2021,Rockstar,Anime,Long,Casual,78
Road Fury 191,Sports,PC,Single Player,Sandbox,Hard,6.8,2022,CD Projekt,Realistic,Long,Casual,83
Speed Legends 192,Simulation,PlayStation,Single Player,Simulation,Hard,9.5,2020,Valve,Realistic,Short,Solo,80
Speed Legends 193,Shooter,Xbox,Multiplayer,Open World,Medium,9.5,2025,Rockstar,Pixel,Long,Solo,95
Shadow Strike 194,Simulation,PlayStation,Single Player,Tactical,Hard,8.6,2024,Rockstar,Cartoon,Long,Competitive,95
Survival Zone 195,RPG,Nintendo,Multiplayer,Tactical,Medium,7.6,2018,Valve,Anime,Short,Competitive,83
Dragon Realm 196,Strategy,Nintendo,Single Player,Open World,Hard,7.7,2022,Activision,Cartoon,Long,Casual,76
Pixel Warriors 197,Simulation,PlayStation,Single Player,Simulation,Medium,8.9,2025,Activision,Realistic,Long,LAN,70
Dragon Realm 198,Racing,PlayStation,Multiplayer,Story Based,Easy,9.5,2025,Valve,Cartoon,Short,LAN,95
Night Hunter 199,Simulation,Nintendo,Single Player,Open World,Easy,9.4,2020,Epic Games,Realistic,Medium,Competitive,94
Battle Arena 200,Survival,PC,Single Player,Open World,Hard,9.1,2022,CD Projekt,Cartoon,Short,LAN,82
Mystic World 201,Action,PlayStation,Multiplayer,Sandbox,Medium,8.6,2017,Capcom,Pixel,Long,Competitive,89
Epic Champions 202,Horror,Mobile,Single Player,Simulation,Medium,6.8,2019,Nintendo,3D,Long,Solo,72
Night Hunter 203,Horror,PlayStation,Multiplayer,Sandbox,Medium,7.0,2017,CD Projekt,Pixel,Long,Casual,89
Pixel Warriors 204,Sports,Mobile,Multiplayer,Story Based,Medium,9.5,2022,Activision,Pixel,Short,Online Co-op,73
Survival Zone 205,Strategy,Nintendo,Multiplayer,Battle Royale,Medium,8.5,2017,Capcom,3D,Long,Casual,98
Pixel Warriors 206,Horror,Mobile,Multiplayer,Tactical,Hard,6.5,2016,Ubisoft,3D,Long,Competitive,95
Zombie Escape 207,Sports,Mobile,Single Player,Open World,Easy,6.8,2024,EA Sports,Anime,Short,Competitive,80
Hero Clash 208,RPG,Mobile,Multiplayer,Story Based,Hard,8.7,2016,Rockstar,Anime,Medium,Casual,71
Hero Clash 209,Racing,Nintendo,Multiplayer,Tactical,Easy,6.5,2023,Valve,Pixel,Medium,Competitive,83
Hero Clash 210,Strategy,PlayStation,Single Player,Sandbox,Hard,7.0,2017,Valve,Pixel,Long,LAN,81
Epic Champions 211,Shooter,PC,Multiplayer,Simulation,Medium,8.3,2023,Rockstar,Realistic,Short,LAN,99
Cyber Quest 212,Racing,Xbox,Single Player,Sandbox,Hard,8.8,2018,EA Sports,Realistic,Long,Competitive,86
Dark Odyssey 213,Sports,Nintendo,Single Player,Open World,Medium,8.7,2021,Nintendo,Anime,Short,Competitive,81
Road Fury 214,Simulation,PC,Single Player,Simulation,Hard,7.2,2018,EA Sports,Anime,Short,LAN,95
Dark Odyssey 215,Action,Xbox,Single Player,Tactical,Easy,8.9,2022,Capcom,Realistic,Medium,Competitive,81
Hero Clash 216,Horror,PC,Single Player,Sandbox,Medium,7.3,2025,EA Sports,Realistic,Medium,Competitive,70
Dark Odyssey 217,Shooter,Nintendo,Single Player,Simulation,Medium,7.6,2024,Capcom,Cartoon,Short,Casual,82
Cyber Quest 218,Action,PlayStation,Single Player,Story Based,Medium,9.0,2017,EA Sports,Cartoon,Long,Online Co-op,83
Survival Zone 219,Shooter,Nintendo,Single Player,Simulation,Hard,8.6,2020,Nintendo,Realistic,Medium,LAN,93
Battle Arena 220,Horror,Mobile,Multiplayer,Sandbox,Easy,9.3,2021,Nintendo,Cartoon,Long,Casual,99
Fantasy Kings 221,Shooter,Nintendo,Single Player,Battle Royale,Easy,8.7,2019,Activision,3D,Medium,Online Co-op,71
Dark Odyssey 222,RPG,Mobile,Multiplayer,Battle Royale,Easy,8.4,2019,Rockstar,Anime,Medium,Competitive,81
Space Raiders 223,Adventure,PC,Multiplayer,Battle Royale,Medium,6.8,2019,Nintendo,Anime,Long,Competitive,95
Hero Clash 224,Shooter,Xbox,Single Player,Open World,Easy,7.7,2017,Capcom,Realistic,Medium,Casual,90
Dragon Realm 225,Racing,Nintendo,Multiplayer,Open World,Medium,7.4,2019,Nintendo,Pixel,Medium,Competitive,97
Fantasy Kings 226,Adventure,Nintendo,Multiplayer,Story Based,Hard,7.3,2016,Activision,Realistic,Long,Solo,85
Cyber Quest 227,Simulation,PC,Single Player,Sandbox,Medium,9.7,2021,Valve,Cartoon,Medium,Casual,73
Space Raiders 228,Horror,Nintendo,Multiplayer,Open World,Easy,7.8,2016,Capcom,Pixel,Medium,Online Co-op,77
Road Fury 229,Strategy,Nintendo,Multiplayer,Battle Royale,Hard,9.4,2025,Activision,Cartoon,Medium,Casual,71
Cyber Quest 230,RPG,PlayStation,Multiplayer,Story Based,Easy,8.6,2021,Epic Games,3D,Long,LAN,79
Epic Champions 231,Adventure,Mobile,Multiplayer,Simulation,Medium,9.1,2016,Epic Games,Cartoon,Short,Casual,78
Cyber Quest 232,RPG,Nintendo,Single Player,Battle Royale,Easy,8.2,2021,Ubisoft,3D,Long,Competitive,92
Dragon Realm 233,Action,Xbox,Single Player,Tactical,Easy,8.4,2025,EA Sports,3D,Short,Competitive,84
Dark Odyssey 234,Survival,PC,Multiplayer,Story Based,Medium,8.1,2023,Rockstar,Cartoon,Medium,Solo,82
Night Hunter 235,Shooter,PC,Single Player,Simulation,Medium,7.1,2017,Bethesda,Cartoon,Short,Solo,92
Shadow Strike 236,Survival,PC,Multiplayer,Open World,Hard,8.9,2017,CD Projekt,3D,Long,Solo,86
Pixel Warriors 237,Survival,Xbox,Single Player,Simulation,Hard,7.4,2019,Activision,Pixel,Long,Online Co-op,99
Space Raiders 238,Horror,Mobile,Single Player,Tactical,Hard,6.6,2018,Valve,3D,Medium,Solo,85
Fantasy Kings 239,Racing,Mobile,Multiplayer,Tactical,Hard,8.6,2019,CD Projekt,Anime,Short,Online Co-op,97
Epic Champions 240,Simulation,Mobile,Multiplayer,Story Based,Medium,7.1,2022,Valve,3D,Medium,Solo,71
Battle Arena 241,Horror,Nintendo,Single Player,Sandbox,Easy,9.6,2016,CD Projekt,Pixel,Medium,Online Co-op,89
Survival Zone 242,Sports,Nintendo,Multiplayer,Open World,Hard,9.6,2021,Activision,Anime,Long,Casual,89
Shadow Strike 243,Simulation,Mobile,Multiplayer,Simulation,Medium,9.5,2018,Bethesda,Realistic,Short,Casual,96
Survival Zone 244,RPG,PC,Single Player,Story Based,Easy,7.7,2025,CD Projekt,Realistic,Short,Competitive,83
Shadow Strike 245,RPG,PC,Multiplayer,Battle Royale,Medium,6.6,2022,Activision,Pixel,Short,Online Co-op,72
Dark Odyssey 246,Adventure,Mobile,Multiplayer,Battle Royale,Easy,9.6,2025,Nintendo,3D,Short,LAN,92
Battle Arena 247,Survival,PlayStation,Single Player,Simulation,Medium,7.9,2017,Bethesda,Cartoon,Medium,Competitive,81
Zombie Escape 248,Strategy,Nintendo,Multiplayer,Battle Royale,Hard,9.7,2017,Capcom,Pixel,Medium,Casual,77
Mystic World 249,Sports,PlayStation,Single Player,Simulation,Medium,9.7,2019,Valve,Anime,Long,Online Co-op,71
Shadow Strike 250,Racing,Mobile,Multiplayer,Open World,Hard,9.3,2016,Epic Games,Anime,Medium,Solo,73
Cyber Quest 251,RPG,Nintendo,Multiplayer,Tactical,Easy,7.5,2018,EA Sports,Realistic,Medium,LAN,83
Fantasy Kings 252,Action,Xbox,Single Player,Simulation,Medium,7.8,2024,Epic Games,Anime,Long,Casual,85
Battle Arena 253,Strategy,PlayStation,Multiplayer,Simulation,Easy,9.3,2022,Bethesda,Pixel,Long,Competitive,88
Shadow Strike 254,Shooter,PC,Single Player,Battle Royale,Hard,7.5,2022,Capcom,Anime,Long,Online Co-op,71
Road Fury 255,Shooter,Xbox,Multiplayer,Sandbox,Hard,7.1,2019,Valve,Pixel,Medium,LAN,81
Pixel Warriors 256,Adventure,Mobile,Single Player,Tactical,Medium,8.3,2017,Capcom,Cartoon,Medium,Online Co-op,98
Shadow Strike 257,Sports,Mobile,Multiplayer,Sandbox,Easy,9.6,2019,CD Projekt,Realistic,Long,Solo,83
Survival Zone 258,Action,Xbox,Single Player,Sandbox,Medium,8.8,2021,Valve,Anime,Long,Competitive,75
Fantasy Kings 259,Horror,Xbox,Multiplayer,Sandbox,Hard,8.4,2018,CD Projekt,Pixel,Long,Online Co-op,82
Zombie Escape 260,Horror,PC,Single Player,Story Based,Hard,6.8,2016,Activision,3D,Medium,Casual,73
Shadow Strike 261,Adventure,Xbox,Multiplayer,Simulation,Medium,8.5,2023,Bethesda,Realistic,Medium,Competitive,91
Pixel Warriors 262,Racing,PC,Single Player,Battle Royale,Hard,9.8,2020,Activision,Cartoon,Short,Casual,87
Road Fury 263,Sports,Mobile,Multiplayer,Battle Royale,Medium,7.0,2020,Ubisoft,Pixel,Medium,Online Co-op,81
Cyber Quest 264,Horror,Mobile,Single Player,Open World,Easy,8.2,2019,Capcom,Cartoon,Medium,Competitive,89
Hero Clash 265,RPG,Mobile,Multiplayer,Battle Royale,Medium,9.4,2021,CD Projekt,Cartoon,Medium,Casual,96
Hero Clash 266,Sports,Xbox,Multiplayer,Battle Royale,Easy,8.9,2018,Nintendo,Anime,Long,Solo,91
Zombie Escape 267,Sports,Mobile,Multiplayer,Simulation,Medium,8.8,2024,Activision,Anime,Medium,Solo,99
Battle Arena 268,Sports,PC,Multiplayer,Tactical,Medium,8.8,2020,Ubisoft,Pixel,Long,Online Co-op,90
Shadow Strike 269,RPG,PlayStation,Multiplayer,Sandbox,Hard,7.7,2018,Rockstar,3D,Short,Competitive,88
Night Hunter 270,Adventure,Nintendo,Single Player,Open World,Medium,7.5,2016,Epic Games,Pixel,Short,LAN,77
Battle Arena 271,Survival,Nintendo,Multiplayer,Battle Royale,Easy,9.2,2025,Valve,3D,Long,Competitive,76
Pixel Warriors 272,Racing,PlayStation,Multiplayer,Tactical,Medium,9.2,2021,Ubisoft,Cartoon,Long,Solo,85
Cyber Quest 273,Strategy,PC,Multiplayer,Simulation,Easy,9.4,2017,Bethesda,Realistic,Long,Casual,88
Hero Clash 274,RPG,PlayStation,Multiplayer,Sandbox,Easy,9.5,2018,Activision,Pixel,Medium,LAN,75
Speed Legends 275,Action,PC,Single Player,Simulation,Hard,8.2,2016,Bethesda,Pixel,Short,Online Co-op,89
Hero Clash 276,RPG,PlayStation,Multiplayer,Sandbox,Medium,8.2,2024,Epic Games,3D,Long,LAN,96
Mystic World 277,Adventure,PC,Single Player,Tactical,Medium,9.1,2023,Nintendo,Cartoon,Medium,Online Co-op,90
Dark Odyssey 278,Horror,Mobile,Multiplayer,Simulation,Easy,8.6,2017,Capcom,Cartoon,Short,LAN,80
Pixel Warriors 279,Simulation,Mobile,Multiplayer,Open World,Hard,8.8,2023,Capcom,3D,Medium,Online Co-op,74
Dark Odyssey 280,Simulation,PlayStation,Multiplayer,Sandbox,Easy,9.1,2024,Bethesda,Cartoon,Short,Online Co-op,85
Zombie Escape 281,Horror,Nintendo,Multiplayer,Battle Royale,Hard,9.4,2016,CD Projekt,Anime,Medium,LAN,76
Epic Champions 282,Survival,Xbox,Multiplayer,Battle Royale,Medium,7.6,2020,Nintendo,Realistic,Short,LAN,96
Battle Arena 283,Sports,Nintendo,Single Player,Open World,Hard,7.7,2023,Capcom,Pixel,Short,Online Co-op,74
Speed Legends 284,Racing,Nintendo,Multiplayer,Sandbox,Easy,6.8,2017,Nintendo,Realistic,Medium,Solo,80
Pixel Warriors 285,Simulation,PC,Multiplayer,Sandbox,Easy,8.4,2019,Ubisoft,Pixel,Long,LAN,84
Hero Clash 286,RPG,PC,Multiplayer,Tactical,Easy,6.6,2022,Nintendo,Anime,Short,Competitive,72
Epic Champions 287,Shooter,PlayStation,Multiplayer,Simulation,Hard,8.0,2018,EA Sports,Cartoon,Long,Casual,95
Fantasy Kings 288,Strategy,Nintendo,Multiplayer,Story Based,Medium,8.3,2020,Epic Games,3D,Medium,Online Co-op,74
Space Raiders 289,RPG,Nintendo,Multiplayer,Battle Royale,Easy,7.4,2023,Capcom,Anime,Long,Online Co-op,92
Shadow Strike 290,Simulation,Xbox,Single Player,Sandbox,Easy,8.4,2025,Nintendo,Realistic,Long,Casual,90
Cyber Quest 291,Sports,Nintendo,Single Player,Battle Royale,Medium,6.6,2018,Bethesda,3D,Long,Solo,74
Hero Clash 292,Action,PC,Multiplayer,Simulation,Hard,6.6,2019,Rockstar,Cartoon,Long,Casual,78
Fantasy Kings 293,Racing,Nintendo,Single Player,Story Based,Hard,9.2,2024,EA Sports,Anime,Long,LAN,84
Speed Legends 294,Horror,PlayStation,Multiplayer,Tactical,Hard,7.7,2022,EA Sports,3D,Short,Casual,72
Road Fury 295,Racing,Nintendo,Multiplayer,Battle Royale,Easy,6.9,2016,CD Projekt,Anime,Short,Online Co-op,98
Pixel Warriors 296,Survival,PC,Single Player,Open World,Hard,8.2,2019,Nintendo,Anime,Short,Casual,75
Battle Arena 297,Action,Mobile,Single Player,Simulation,Easy,9.0,2019,CD Projekt,Cartoon,Medium,Competitive,86
Battle Arena 298,Action,Xbox,Single Player,Open World,Medium,7.2,2024,CD Projekt,Pixel,Long,LAN,95
Road Fury 299,Shooter,Nintendo,Single Player,Tactical,Easy,8.6,2021,Rockstar,3D,Short,Casual,90
Night Hunter 300,Survival,Xbox,Multiplayer,Story Based,Easy,6.8,2024,Ubisoft,Cartoon,Medium,Online Co-op,77
Dark Odyssey 301,Adventure,Mobile,Single Player,Story Based,Medium,6.7,2021,Nintendo,Anime,Short,LAN,90
Fantasy Kings 302,Shooter,Nintendo,Multiplayer,Sandbox,Medium,8.3,2021,Activision,Cartoon,Short,Online Co-op,94
Survival Zone 303,Sports,Xbox,Single Player,Tactical,Easy,8.3,2020,Capcom,Pixel,Long,Solo,80
Mystic World 304,Strategy,PC,Multiplayer,Simulation,Hard,8.6,2020,CD Projekt,3D,Medium,Competitive,75
Epic Champions 305,Shooter,Mobile,Multiplayer,Battle Royale,Hard,8.9,2017,Epic Games,Pixel,Long,Solo,77
Space Raiders 306,Shooter,PlayStation,Single Player,Tactical,Hard,9.7,2023,Valve,Realistic,Long,Competitive,79
Night Hunter 307,Racing,Nintendo,Single Player,Story Based,Medium,8.2,2023,Epic Games,3D,Short,Casual,93
Epic Champions 308,Adventure,PlayStation,Single Player,Open World,Easy,7.6,2016,Rockstar,Pixel,Long,LAN,98
Battle Arena 309,Survival,Xbox,Single Player,Battle Royale,Hard,9.1,2023,Rockstar,Anime,Medium,Casual,72
Space Raiders 310,Simulation,Nintendo,Single Player,Tactical,Hard,7.4,2020,Bethesda,3D,Long,Competitive,92
Pixel Warriors 311,RPG,PlayStation,Multiplayer,Battle Royale,Medium,7.9,2017,Ubisoft,3D,Long,Competitive,83
Space Raiders 312,Sports,Xbox,Multiplayer,Simulation,Medium,6.8,2017,Capcom,Cartoon,Long,Competitive,92
Dark Odyssey 313,Survival,Mobile,Single Player,Sandbox,Medium,6.6,2021,CD Projekt,Anime,Short,Online Co-op,83
Zombie Escape 314,Sports,Mobile,Single Player,Tactical,Medium,9.7,2024,Epic Games,Realistic,Medium,LAN,79
Shadow Strike 315,Simulation,Xbox,Multiplayer,Story Based,Medium,9.3,2016,Valve,Pixel,Short,Casual,81
Space Raiders 316,Simulation,PC,Multiplayer,Battle Royale,Hard,8.8,2021,Rockstar,Cartoon,Short,Casual,75
Mystic World 317,Survival,PlayStation,Single Player,Simulation,Easy,7.8,2024,Rockstar,Pixel,Short,Solo,81
Epic Champions 318,Adventure,Xbox,Single Player,Simulation,Hard,7.1,2023,Ubisoft,Realistic,Short,Competitive,92
Zombie Escape 319,Sports,Nintendo,Single Player,Story Based,Easy,7.0,2021,Valve,Realistic,Short,Competitive,83
Road Fury 320,Adventure,PlayStation,Multiplayer,Open World,Hard,7.3,2018,Valve,3D,Medium,Competitive,71
Battle Arena 321,Action,Xbox,Single Player,Sandbox,Hard,8.3,2023,Ubisoft,Realistic,Long,Casual,78
Shadow Strike 322,Adventure,Xbox,Single Player,Simulation,Easy,8.9,2024,Rockstar,Pixel,Short,Solo,79
Shadow Strike 323,Horror,PC,Multiplayer,Simulation,Medium,8.7,2016,Capcom,Anime,Short,Online Co-op,95
Shadow Strike 324,Racing,PC,Multiplayer,Simulation,Easy,7.4,2024,Nintendo,Anime,Medium,LAN,86
Epic Champions 325,Survival,Xbox,Multiplayer,Story Based,Easy,9.7,2021,Nintendo,3D,Medium,Online Co-op,86
Fantasy Kings 326,Shooter,PlayStation,Single Player,Battle Royale,Easy,8.9,2021,Ubisoft,Pixel,Long,Casual,72
Hero Clash 327,Strategy,Xbox,Single Player,Sandbox,Medium,8.3,2019,Valve,Pixel,Medium,Competitive,99
Cyber Quest 328,Shooter,Mobile,Single Player,Story Based,Easy,8.5,2016,CD Projekt,Realistic,Long,LAN,88
Survival Zone 329,Shooter,Xbox,Multiplayer,Battle Royale,Medium,7.9,2025,Ubisoft,Pixel,Short,Casual,70
Fantasy Kings 330,Action,PlayStation,Single Player,Tactical,Hard,7.3,2023,Capcom,Cartoon,Short,Casual,81
Dragon Realm 331,Simulation,Mobile,Single Player,Sandbox,Hard,7.7,2017,Ubisoft,Realistic,Long,Casual,76
Fantasy Kings 332,Action,Xbox,Multiplayer,Sandbox,Hard,9.0,2016,EA Sports,Cartoon,Medium,LAN,73
Mystic World 333,RPG,PlayStation,Single Player,Simulation,Medium,6.5,2017,Epic Games,3D,Long,LAN,79
Mystic World 334,Horror,Xbox,Single Player,Story Based,Medium,6.9,2016,Valve,Anime,Medium,Solo,82
Cyber Quest 335,Strategy,PC,Multiplayer,Open World,Easy,6.7,2016,Bethesda,3D,Short,Solo,71
Night Hunter 336,Adventure,Mobile,Single Player,Simulation,Hard,6.6,2024,Bethesda,Anime,Medium,Online Co-op,79
Survival Zone 337,Sports,PlayStation,Multiplayer,Tactical,Hard,9.3,2016,Valve,3D,Long,LAN,90
Space Raiders 338,RPG,Xbox,Multiplayer,Battle Royale,Medium,8.8,2019,Capcom,Pixel,Long,LAN,91
Night Hunter 339,Adventure,Xbox,Multiplayer,Simulation,Medium,8.1,2025,EA Sports,Cartoon,Short,LAN,94
Epic Champions 340,RPG,Mobile,Multiplayer,Tactical,Medium,6.8,2021,EA Sports,Anime,Medium,Solo,73
Epic Champions 341,Racing,Xbox,Single Player,Battle Royale,Easy,8.1,2022,Rockstar,Realistic,Medium,Casual,87
Speed Legends 342,Shooter,Mobile,Single Player,Story Based,Easy,8.1,2017,Epic Games,Cartoon,Medium,Competitive,74
Survival Zone 343,Strategy,Nintendo,Multiplayer,Open World,Medium,7.1,2021,Nintendo,Realistic,Short,Solo,88
Pixel Warriors 344,Strategy,PlayStation,Multiplayer,Open World,Medium,7.9,2022,Activision,Cartoon,Medium,LAN,71
Battle Arena 345,Racing,Nintendo,Single Player,Tactical,Easy,7.8,2025,Capcom,Cartoon,Long,Solo,81
Epic Champions 346,Racing,Xbox,Multiplayer,Simulation,Easy,8.5,2025,Activision,3D,Medium,Online Co-op,86
Speed Legends 347,Shooter,Mobile,Multiplayer,Tactical,Hard,8.6,2017,Activision,Anime,Short,LAN,79
Mystic World 348,Horror,PC,Single Player,Story Based,Easy,6.6,2017,Valve,Anime,Medium,Online Co-op,71
Dark Odyssey 349,Racing,Nintendo,Single Player,Battle Royale,Easy,7.7,2025,Bethesda,Cartoon,Medium,LAN,75
Epic Champions 350,Sports,PC,Single Player,Story Based,Medium,8.6,2022,Bethesda,Pixel,Long,Solo,77
Mystic World 351,Action,PC,Multiplayer,Simulation,Medium,8.2,2016,Nintendo,Pixel,Medium,Casual,98
Dark Odyssey 352,Simulation,PC,Single Player,Tactical,Easy,9.3,2023,Valve,Realistic,Long,Competitive,88
Mystic World 353,Adventure,PlayStation,Single Player,Simulation,Medium,8.7,2018,Activision,Realistic,Long,Online Co-op,80
Dark Odyssey 354,Adventure,Nintendo,Single Player,Simulation,Easy,7.0,2021,CD Projekt,3D,Short,Solo,94
Fantasy Kings 355,Shooter,Nintendo,Single Player,Story Based,Hard,6.7,2024,Bethesda,Cartoon,Long,Casual,81
Survival Zone 356,RPG,Nintendo,Single Player,Battle Royale,Hard,8.6,2021,Capcom,Realistic,Long,Solo,78
Cyber Quest 357,Sports,PlayStation,Multiplayer,Simulation,Easy,6.6,2024,Capcom,Realistic,Short,Online Co-op,71
Shadow Strike 358,Action,Xbox,Multiplayer,Tactical,Medium,8.4,2022,Rockstar,Cartoon,Long,Competitive,77
Zombie Escape 359,RPG,Mobile,Single Player,Simulation,Hard,9.6,2024,Ubisoft,3D,Short,Solo,95
Speed Legends 360,Horror,PC,Multiplayer,Simulation,Medium,8.4,2017,CD Projekt,Realistic,Medium,LAN,80
Pixel Warriors 361,RPG,PlayStation,Multiplayer,Tactical,Hard,7.8,2023,Bethesda,3D,Short,Casual,97
Speed Legends 362,Adventure,PC,Multiplayer,Sandbox,Easy,8.6,2023,EA Sports,Anime,Long,Solo,90
Epic Champions 363,Racing,Mobile,Single Player,Story Based,Easy,8.0,2017,Bethesda,3D,Short,Casual,73
Space Raiders 364,Simulation,PlayStation,Single Player,Story Based,Easy,8.3,2019,Rockstar,Pixel,Long,LAN,79
Hero Clash 365,Simulation,Xbox,Multiplayer,Sandbox,Easy,9.6,2022,Capcom,Pixel,Medium,Competitive,90
Hero Clash 366,Horror,PC,Single Player,Sandbox,Hard,7.8,2019,Activision,3D,Short,Competitive,89
Road Fury 367,Simulation,Mobile,Single Player,Story Based,Hard,9.7,2019,EA Sports,Pixel,Medium,LAN,85
Shadow Strike 368,Horror,Mobile,Single Player,Tactical,Easy,9.5,2021,Valve,Anime,Long,Casual,77
Dragon Realm 369,Survival,PlayStation,Single Player,Open World,Medium,7.1,2025,Epic Games,Cartoon,Long,Solo,73
Dragon Realm 370,Action,Xbox,Multiplayer,Open World,Medium,6.7,2021,Activision,Pixel,Medium,LAN,98
Battle Arena 371,RPG,PC,Single Player,Simulation,Hard,6.8,2025,Epic Games,Pixel,Short,Online Co-op,79
Dark Odyssey 372,Strategy,Nintendo,Single Player,Battle Royale,Medium,6.6,2018,CD Projekt,3D,Short,Casual,81
Fantasy Kings 373,Survival,PlayStation,Single Player,Simulation,Hard,6.8,2024,Ubisoft,Anime,Long,Competitive,98
Speed Legends 374,Sports,Mobile,Multiplayer,Sandbox,Hard,8.8,2025,EA Sports,Cartoon,Medium,LAN,83
Space Raiders 375,Strategy,PlayStation,Single Player,Battle Royale,Hard,6.7,2017,Nintendo,3D,Medium,Competitive,85
Battle Arena 376,Adventure,Nintendo,Multiplayer,Tactical,Medium,7.6,2021,EA Sports,3D,Short,Casual,91
Epic Champions 377,RPG,Xbox,Multiplayer,Sandbox,Easy,9.3,2022,Bethesda,Anime,Short,Competitive,87
Hero Clash 378,Simulation,Mobile,Single Player,Battle Royale,Hard,6.6,2024,Capcom,Cartoon,Short,LAN,90
Road Fury 379,Strategy,PlayStation,Single Player,Simulation,Easy,9.2,2018,Bethesda,Anime,Medium,Casual,91
Space Raiders 380,Survival,PlayStation,Single Player,Open World,Hard,7.4,2025,Bethesda,Cartoon,Short,Online Co-op,90
Survival Zone 381,Sports,PC,Single Player,Sandbox,Hard,6.9,2018,CD Projekt,Anime,Short,LAN,81
Zombie Escape 382,RPG,PlayStation,Single Player,Open World,Medium,8.8,2022,Activision,3D,Long,Solo,87
Pixel Warriors 383,Racing,PlayStation,Single Player,Simulation,Medium,8.6,2019,Nintendo,3D,Short,LAN,99
Epic Champions 384,Horror,Xbox,Multiplayer,Battle Royale,Easy,9.4,2023,Nintendo,Realistic,Short,Casual,76
Pixel Warriors 385,Horror,PC,Multiplayer,Simulation,Easy,8.9,2022,Bethesda,Pixel,Medium,LAN,89
Shadow Strike 386,Horror,PC,Single Player,Story Based,Easy,9.2,2020,Epic Games,Anime,Medium,Online Co-op,93
Speed Legends 387,Racing,Mobile,Single Player,Simulation,Hard,7.4,2022,CD Projekt,Realistic,Long,Online Co-op,92
Mystic World 388,Simulation,Mobile,Single Player,Story Based,Easy,7.1,2018,Bethesda,Pixel,Short,Solo,76
Road Fury 389,Racing,PC,Multiplayer,Simulation,Easy,9.0,2017,Ubisoft,Anime,Long,Competitive,78
Dragon Realm 390,Simulation,Nintendo,Single Player,Sandbox,Hard,9.2,2021,Capcom,Cartoon,Medium,Casual,70
Epic Champions 391,Shooter,Mobile,Single Player,Simulation,Easy,9.8,2017,Activision,Pixel,Long,Casual,95
Road Fury 392,Sports,PC,Multiplayer,Tactical,Hard,7.9,2018,Valve,3D,Medium,Competitive,75
Night Hunter 393,Action,Xbox,Single Player,Story Based,Medium,7.7,2021,Ubisoft,Realistic,Long,Online Co-op,75
Fantasy Kings 394,Adventure,Nintendo,Single Player,Battle Royale,Medium,9.1,2020,Epic Games,Pixel,Long,Online Co-op,91
Speed Legends 395,Simulation,Xbox,Single Player,Sandbox,Medium,7.6,2023,EA Sports,Pixel,Short,LAN,98
Mystic World 396,Sports,Nintendo,Multiplayer,Open World,Easy,9.6,2024,EA Sports,3D,Long,Solo,81
Space Raiders 397,Survival,PlayStation,Multiplayer,Simulation,Easy,9.3,2018,Ubisoft,Anime,Short,Solo,91
Epic Champions 398,Sports,Nintendo,Single Player,Sandbox,Medium,7.9,2025,Bethesda,Cartoon,Short,Solo,81
Fantasy Kings 399,Simulation,Nintendo,Multiplayer,Open World,Easy,9.0,2018,Valve,3D,Short,LAN,79
Pixel Warriors 400,Horror,Nintendo,Single Player,Simulation,Medium,9.0,2018,Rockstar,Cartoon,Short,Solo,92
Fantasy Kings 401,Shooter,Mobile,Multiplayer,Battle Royale,Easy,6.8,2021,Rockstar,Anime,Long,Competitive,99
Zombie Escape 402,Action,Nintendo,Single Player,Open World,Medium,9.5,2016,Epic Games,Pixel,Medium,LAN,95
Epic Champions 403,Horror,Nintendo,Multiplayer,Simulation,Medium,8.2,2022,Bethesda,Cartoon,Medium,Competitive,75
Dark Odyssey 404,Survival,PlayStation,Multiplayer,Story Based,Medium,9.2,2016,Nintendo,Realistic,Medium,LAN,86
Survival Zone 405,Action,PC,Multiplayer,Simulation,Medium,7.6,2020,Nintendo,Realistic,Long,Solo,88
Hero Clash 406,Shooter,Xbox,Single Player,Tactical,Hard,9.5,2025,Activision,3D,Short,Competitive,87
Fantasy Kings 407,Adventure,Mobile,Single Player,Sandbox,Medium,7.8,2023,Valve,Anime,Medium,Competitive,75
Fantasy Kings 408,Strategy,PlayStation,Multiplayer,Simulation,Easy,6.5,2019,Valve,3D,Long,Competitive,93
Battle Arena 409,RPG,Nintendo,Multiplayer,Story Based,Easy,9.5,2020,EA Sports,3D,Short,LAN,88
Dragon Realm 410,Sports,Nintendo,Multiplayer,Simulation,Hard,6.8,2019,CD Projekt,3D,Medium,Casual,79
Speed Legends 411,Simulation,PlayStation,Single Player,Tactical,Medium,7.6,2019,Epic Games,Realistic,Short,Solo,93
Speed Legends 412,Horror,Xbox,Multiplayer,Story Based,Medium,9.6,2023,Rockstar,Realistic,Medium,Competitive,77
Hero Clash 413,Racing,Mobile,Single Player,Sandbox,Hard,9.6,2017,Epic Games,3D,Medium,Casual,90
Dark Odyssey 414,Survival,Nintendo,Single Player,Story Based,Medium,8.4,2016,Nintendo,Realistic,Medium,Solo,93
Space Raiders 415,Simulation,Mobile,Multiplayer,Story Based,Easy,8.6,2018,Nintendo,Anime,Short,Solo,75
Cyber Quest 416,Action,Mobile,Multiplayer,Open World,Easy,8.0,2024,Ubisoft,3D,Long,Competitive,90
Pixel Warriors 417,Sports,Nintendo,Multiplayer,Tactical,Easy,7.5,2019,Activision,Realistic,Short,Competitive,94
Dragon Realm 418,Adventure,PC,Multiplayer,Open World,Medium,7.6,2025,Valve,Cartoon,Medium,LAN,99
Road Fury 419,Shooter,Mobile,Single Player,Open World,Hard,8.7,2020,Capcom,3D,Short,Casual,76
Fantasy Kings 420,Racing,PlayStation,Single Player,Battle Royale,Easy,9.0,2017,Epic Games,3D,Long,Casual,93
Shadow Strike 421,Action,Nintendo,Single Player,Open World,Hard,9.1,2019,Nintendo,Anime,Short,Competitive,70
Dragon Realm 422,Strategy,PC,Multiplayer,Battle Royale,Medium,9.1,2017,CD Projekt,Pixel,Long,Solo,96
Cyber Quest 423,Shooter,PlayStation,Multiplayer,Story Based,Easy,6.8,2017,EA Sports,Pixel,Long,Competitive,87
Space Raiders 424,Racing,Nintendo,Single Player,Sandbox,Hard,8.1,2019,Rockstar,Anime,Short,Solo,93
Hero Clash 425,Action,PC,Single Player,Open World,Medium,6.7,2021,Activision,Anime,Medium,Solo,97
Hero Clash 426,Adventure,Mobile,Single Player,Sandbox,Hard,8.3,2022,CD Projekt,Anime,Long,Competitive,94
Dark Odyssey 427,Action,Mobile,Single Player,Simulation,Easy,8.0,2025,Activision,Pixel,Short,Online Co-op,89
Zombie Escape 428,RPG,PlayStation,Multiplayer,Story Based,Medium,9.4,2018,Ubisoft,Anime,Long,Casual,81
Dragon Realm 429,RPG,Nintendo,Multiplayer,Simulation,Hard,7.7,2018,Capcom,Realistic,Medium,Solo,85
Pixel Warriors 430,Sports,Xbox,Multiplayer,Battle Royale,Hard,6.9,2025,Nintendo,3D,Short,Solo,79
Cyber Quest 431,Strategy,Xbox,Multiplayer,Open World,Medium,7.0,2021,EA Sports,3D,Short,Online Co-op,96
Night Hunter 432,Adventure,Nintendo,Single Player,Battle Royale,Hard,9.0,2018,CD Projekt,Cartoon,Short,LAN,79
Epic Champions 433,Horror,Nintendo,Multiplayer,Story Based,Medium,8.5,2017,Activision,Cartoon,Medium,Online Co-op,83
Cyber Quest 434,Racing,Mobile,Multiplayer,Battle Royale,Hard,6.8,2023,Valve,3D,Long,Online Co-op,94
Mystic World 435,Simulation,Nintendo,Multiplayer,Sandbox,Hard,6.8,2020,Ubisoft,Realistic,Short,Solo,89
Cyber Quest 436,Simulation,PlayStation,Single Player,Sandbox,Medium,8.8,2016,Valve,Pixel,Long,Casual,79
Survival Zone 437,Adventure,Mobile,Single Player,Simulation,Medium,6.7,2018,EA Sports,Pixel,Long,Online Co-op,79
Road Fury 438,Simulation,Mobile,Single Player,Story Based,Hard,9.2,2025,CD Projekt,Realistic,Medium,LAN,95
Zombie Escape 439,Strategy,Mobile,Single Player,Tactical,Medium,8.8,2023,Ubisoft,Pixel,Short,Competitive,94
Cyber Quest 440,Strategy,PC,Multiplayer,Tactical,Hard,6.8,2019,CD Projekt,Anime,Long,Online Co-op,80
Survival Zone 441,Survival,Nintendo,Multiplayer,Simulation,Easy,6.8,2022,Nintendo,3D,Short,Online Co-op,92
Speed Legends 442,Adventure,Mobile,Single Player,Battle Royale,Medium,9.8,2025,Bethesda,3D,Short,LAN,71
Mystic World 443,Horror,PC,Single Player,Battle Royale,Hard,7.7,2017,Ubisoft,Realistic,Medium,Casual,94
Mystic World 444,Horror,Xbox,Multiplayer,Simulation,Medium,7.7,2022,Valve,Pixel,Short,Online Co-op,89
Night Hunter 445,Survival,Nintendo,Single Player,Open World,Easy,9.2,2020,EA Sports,Cartoon,Short,Online Co-op,77
Zombie Escape 446,Adventure,Nintendo,Single Player,Sandbox,Easy,9.6,2020,Capcom,Cartoon,Long,Casual,99
Space Raiders 447,Action,Xbox,Multiplayer,Battle Royale,Hard,9.8,2021,Nintendo,Pixel,Medium,LAN,92
Mystic World 448,Racing,PlayStation,Single Player,Sandbox,Hard,9.0,2024,Bethesda,Cartoon,Short,Online Co-op,98
Battle Arena 449,Simulation,PC,Single Player,Tactical,Medium,7.7,2021,Capcom,Realistic,Long,Casual,76
Road Fury 450,Racing,PC,Multiplayer,Story Based,Hard,6.8,2023,Rockstar,Realistic,Medium,Online Co-op,77
Epic Champions 451,RPG,PC,Single Player,Story Based,Medium,9.1,2022,Nintendo,Pixel,Medium,Competitive,70
Dark Odyssey 452,Sports,PlayStation,Single Player,Battle Royale,Easy,8.3,2024,EA Sports,Cartoon,Long,Solo,90
Dark Odyssey 453,Adventure,PC,Single Player,Open World,Easy,7.9,2019,Activision,Realistic,Long,Competitive,71
Shadow Strike 454,Sports,Xbox,Single Player,Battle Royale,Hard,9.5,2017,Ubisoft,Realistic,Long,Online Co-op,87
Shadow Strike 455,Strategy,Xbox,Single Player,Story Based,Easy,6.9,2022,CD Projekt,Anime,Long,LAN,84
Battle Arena 456,Racing,Xbox,Multiplayer,Story Based,Hard,8.1,2021,EA Sports,Anime,Long,Solo,70
Survival Zone 457,Survival,PlayStation,Single Player,Story Based,Hard,6.5,2016,Ubisoft,Realistic,Short,Competitive,74
Dragon Realm 458,Racing,Xbox,Multiplayer,Sandbox,Easy,8.0,2024,Capcom,Pixel,Short,Casual,71
Shadow Strike 459,Racing,Mobile,Single Player,Open World,Easy,6.7,2024,CD Projekt,3D,Medium,LAN,89
Dragon Realm 460,Horror,Xbox,Single Player,Sandbox,Easy,6.9,2017,Epic Games,3D,Short,Competitive,72
Shadow Strike 461,Horror,PC,Multiplayer,Sandbox,Medium,6.9,2018,Valve,Realistic,Short,Casual,88
Cyber Quest 462,Survival,PC,Single Player,Story Based,Hard,8.6,2020,Rockstar,Realistic,Short,Online Co-op,87
Shadow Strike 463,Simulation,Xbox,Multiplayer,Open World,Easy,9.0,2020,Nintendo,Realistic,Long,Casual,98
Survival Zone 464,Horror,Nintendo,Multiplayer,Story Based,Medium,8.4,2016,EA Sports,Pixel,Medium,Competitive,91
Pixel Warriors 465,Horror,PC,Multiplayer,Tactical,Easy,9.7,2023,Rockstar,Anime,Medium,Competitive,87
Dragon Realm 466,Action,PC,Single Player,Tactical,Easy,7.7,2023,Activision,Realistic,Medium,Online Co-op,83
Road Fury 467,Action,Mobile,Multiplayer,Tactical,Easy,7.4,2019,Ubisoft,Realistic,Medium,Casual,99
Mystic World 468,Sports,PlayStation,Single Player,Battle Royale,Hard,9.4,2022,Ubisoft,Cartoon,Short,Casual,93
Survival Zone 469,Adventure,PlayStation,Multiplayer,Tactical,Medium,7.2,2025,EA Sports,Pixel,Short,Online Co-op,77
Survival Zone 470,RPG,Mobile,Single Player,Battle Royale,Medium,9.7,2018,Bethesda,Realistic,Long,Casual,98
Mystic World 471,Action,Xbox,Multiplayer,Sandbox,Hard,6.5,2021,Bethesda,Cartoon,Medium,Online Co-op,99
Hero Clash 472,Adventure,Mobile,Multiplayer,Sandbox,Easy,9.7,2025,Epic Games,3D,Short,LAN,81
Night Hunter 473,Action,Nintendo,Single Player,Sandbox,Easy,6.6,2025,Valve,Realistic,Short,Competitive,90
Survival Zone 474,RPG,Mobile,Multiplayer,Tactical,Medium,9.4,2024,CD Projekt,Realistic,Long,LAN,79
Shadow Strike 475,Action,Nintendo,Multiplayer,Open World,Hard,8.2,2016,Activision,Cartoon,Long,Solo,92
Space Raiders 476,Horror,Nintendo,Multiplayer,Open World,Hard,9.8,2020,Rockstar,Pixel,Long,Solo,89
Mystic World 477,Adventure,Nintendo,Multiplayer,Open World,Easy,6.7,2019,Bethesda,Realistic,Short,Solo,86
Zombie Escape 478,Shooter,Xbox,Single Player,Battle Royale,Hard,8.3,2023,Epic Games,3D,Short,Online Co-op,80
Road Fury 479,Sports,PC,Multiplayer,Simulation,Medium,9.7,2016,Epic Games,Realistic,Long,Casual,71
Zombie Escape 480,Simulation,Xbox,Multiplayer,Sandbox,Hard,8.2,2024,EA Sports,3D,Medium,LAN,95
Night Hunter 481,RPG,PlayStation,Single Player,Story Based,Easy,8.6,2021,Activision,Anime,Long,LAN,95
Fantasy Kings 482,Survival,PC,Multiplayer,Battle Royale,Medium,8.8,2019,Capcom,Anime,Long,LAN,73
Night Hunter 483,Simulation,Mobile,Single Player,Simulation,Medium,8.0,2024,CD Projekt,3D,Long,LAN,70
Pixel Warriors 484,Sports,Nintendo,Multiplayer,Tactical,Easy,8.6,2020,Valve,Pixel,Long,Solo,84
Cyber Quest 485,Strategy,PC,Multiplayer,Battle Royale,Medium,8.4,2020,Nintendo,Realistic,Short,LAN,82
Road Fury 486,Simulation,PC,Single Player,Battle Royale,Hard,9.5,2020,EA Sports,Realistic,Medium,Casual,77
Dark Odyssey 487,Shooter,PlayStation,Single Player,Sandbox,Hard,6.6,2016,CD Projekt,Anime,Long,Solo,94
Mystic World 488,Racing,Mobile,Multiplayer,Battle Royale,Easy,7.4,2016,Nintendo,3D,Medium,LAN,73
Dark Odyssey 489,Action,Nintendo,Multiplayer,Open World,Medium,9.6,2023,Nintendo,Realistic,Medium,Online Co-op,79
Fantasy Kings 490,Horror,Xbox,Single Player,Simulation,Hard,9.4,2023,Activision,Realistic,Medium,Competitive,88
Fantasy Kings 491,Horror,PlayStation,Single Player,Story Based,Easy,8.0,2021,Activision,Pixel,Long,Competitive,87
Dark Odyssey 492,Adventure,Mobile,Single Player,Story Based,Medium,8.5,2019,Rockstar,Cartoon,Short,Competitive,74
Night Hunter 493,Sports,PC,Multiplayer,Simulation,Medium,7.4,2017,Epic Games,Anime,Long,Solo,99
Hero Clash 494,Strategy,Mobile,Multiplayer,Battle Royale,Medium,7.1,2017,CD Projekt,Anime,Medium,LAN,88
Battle Arena 495,Sports,Nintendo,Single Player,Simulation,Medium,8.0,2024,EA Sports,Cartoon,Medium,Solo,95
Shadow Strike 496,Shooter,Xbox,Multiplayer,Story Based,Hard,7.7,2020,Ubisoft,Realistic,Short,Casual,92
Zombie Escape 497,Horror,Nintendo,Multiplayer,Battle Royale,Medium,8.4,2019,EA Sports,Pixel,Long,Online Co-op,96
Speed Legends 498,Shooter,PC,Single Player,Sandbox,Easy,6.8,2025,Rockstar,Pixel,Medium,Online Co-op,91
Road Fury 499,Adventure,Mobile,Single Player,Open World,Medium,9.7,2016,Valve,Anime,Short,Competitive,85
Dragon Realm 500,Adventure,Mobile,Single Player,Open World,Easy,9.8,2022,Epic Games,Pixel,Medium,Competitive,70
Dark Odyssey 501,Survival,Nintendo,Single Player,Tactical,Medium,8.8,2018,Ubisoft,Cartoon,Short,Competitive,81
Battle Arena 502,Adventure,Nintendo,Multiplayer,Tactical,Hard,8.3,2021,Bethesda,Realistic,Short,LAN,93
Fantasy Kings 503,Action,PC,Multiplayer,Open World,Medium,7.5,2020,Valve,Cartoon,Long,Casual,71
Fantasy Kings 504,Shooter,PC,Multiplayer,Open World,Easy,9.2,2020,Activision,3D,Medium,Casual,90
Night Hunter 505,Adventure,PC,Single Player,Sandbox,Hard,8.8,2020,Nintendo,Anime,Long,Casual,94
Battle Arena 506,Action,PlayStation,Multiplayer,Sandbox,Easy,7.0,2016,Bethesda,Pixel,Medium,Casual,77
Space Raiders 507,Racing,PC,Multiplayer,Battle Royale,Easy,9.5,2016,EA Sports,3D,Long,Competitive,87
Mystic World 508,Sports,PlayStation,Single Player,Story Based,Hard,9.2,2018,EA Sports,Pixel,Medium,Online Co-op,94
Zombie Escape 509,Action,PlayStation,Single Player,Battle Royale,Medium,9.6,2025,Activision,Realistic,Long,Competitive,85
Dragon Realm 510,Shooter,Mobile,Multiplayer,Battle Royale,Medium,8.9,2019,Rockstar,Realistic,Short,Casual,74
Mystic World 511,RPG,Nintendo,Multiplayer,Battle Royale,Medium,8.5,2020,CD Projekt,Realistic,Medium,Competitive,95
Fantasy Kings 512,Sports,Mobile,Single Player,Story Based,Medium,7.9,2017,Bethesda,Pixel,Medium,Casual,99
Cyber Quest 513,Strategy,PC,Single Player,Simulation,Easy,9.6,2023,Bethesda,3D,Short,Solo,91
Mystic World 514,Simulation,PlayStation,Multiplayer,Sandbox,Hard,9.4,2017,Capcom,Realistic,Long,Online Co-op,82
Speed Legends 515,Sports,Nintendo,Single Player,Battle Royale,Easy,6.6,2024,Valve,3D,Medium,Solo,88
Shadow Strike 516,Shooter,PlayStation,Multiplayer,Battle Royale,Easy,6.6,2017,Epic Games,Pixel,Medium,LAN,98
Space Raiders 517,Survival,PC,Single Player,Simulation,Medium,7.7,2024,Valve,3D,Long,Competitive,72
Cyber Quest 518,RPG,Xbox,Multiplayer,Tactical,Easy,9.2,2022,CD Projekt,Pixel,Short,LAN,95
Pixel Warriors 519,RPG,Xbox,Multiplayer,Open World,Easy,9.8,2023,EA Sports,Pixel,Long,Competitive,77
Battle Arena 520,Simulation,PC,Multiplayer,Story Based,Easy,7.0,2017,EA Sports,Anime,Long,Solo,96
Speed Legends 521,Sports,PC,Multiplayer,Story Based,Easy,8.5,2022,EA Sports,Pixel,Long,Casual,95
Road Fury 522,RPG,PC,Single Player,Story Based,Hard,7.8,2021,Capcom,Pixel,Medium,Casual,95
Hero Clash 523,Strategy,Xbox,Multiplayer,Story Based,Easy,9.7,2019,EA Sports,Cartoon,Short,Competitive,81
Survival Zone 524,Adventure,Mobile,Single Player,Tactical,Medium,9.3,2022,CD Projekt,Realistic,Short,Casual,71
Survival Zone 525,Sports,Mobile,Multiplayer,Sandbox,Medium,9.3,2019,Activision,Anime,Long,Solo,80
Zombie Escape 526,Sports,PlayStation,Multiplayer,Battle Royale,Easy,8.0,2017,Epic Games,Anime,Medium,Casual,81
Battle Arena 527,Racing,Nintendo,Single Player,Battle Royale,Hard,7.9,2025,CD Projekt,Anime,Long,Solo,97
Night Hunter 528,Sports,PlayStation,Single Player,Open World,Hard,7.4,2022,Epic Games,Cartoon,Medium,LAN,87
Dragon Realm 529,Strategy,Nintendo,Multiplayer,Open World,Medium,6.7,2023,CD Projekt,Pixel,Medium,Solo,82
Fantasy Kings 530,Shooter,Nintendo,Single Player,Battle Royale,Hard,9.4,2017,EA Sports,Realistic,Medium,Online Co-op,74
Night Hunter 531,RPG,PlayStation,Multiplayer,Simulation,Hard,9.2,2020,Activision,3D,Medium,Online Co-op,91
Dragon Realm 532,Survival,Mobile,Single Player,Open World,Easy,9.8,2016,Bethesda,Pixel,Short,Online Co-op,81
Night Hunter 533,Action,Nintendo,Single Player,Tactical,Hard,9.8,2022,Valve,Cartoon,Medium,Competitive,71
Space Raiders 534,Strategy,Mobile,Single Player,Battle Royale,Medium,8.3,2023,Nintendo,Pixel,Medium,Competitive,74
Epic Champions 535,Survival,Xbox,Multiplayer,Battle Royale,Medium,9.0,2021,Activision,Pixel,Long,Competitive,76
Mystic World 536,Survival,PC,Single Player,Sandbox,Hard,9.6,2020,Bethesda,Cartoon,Long,Solo,95
Epic Champions 537,Horror,Nintendo,Single Player,Battle Royale,Easy,9.3,2021,Rockstar,Anime,Short,Competitive,95
Survival Zone 538,Sports,PC,Single Player,Simulation,Medium,7.3,2017,CD Projekt,Anime,Long,LAN,93
Speed Legends 539,Shooter,Xbox,Single Player,Simulation,Easy,8.0,2016,Rockstar,Realistic,Medium,Online Co-op,81
Speed Legends 540,Shooter,PC,Multiplayer,Tactical,Easy,6.9,2022,Bethesda,Realistic,Long,Solo,85
Epic Champions 541,Horror,Xbox,Multiplayer,Story Based,Hard,9.6,2022,Activision,Anime,Short,Online Co-op,92
Epic Champions 542,Action,Nintendo,Single Player,Tactical,Easy,8.5,2025,CD Projekt,3D,Long,Competitive,77
Hero Clash 543,Sports,PlayStation,Multiplayer,Tactical,Medium,7.3,2025,Nintendo,Pixel,Long,Solo,99
Night Hunter 544,Horror,PlayStation,Single Player,Battle Royale,Medium,8.7,2017,EA Sports,3D,Short,Casual,97
Battle Arena 545,RPG,Xbox,Multiplayer,Simulation,Easy,8.5,2017,CD Projekt,Pixel,Short,LAN,78
Shadow Strike 546,RPG,Mobile,Single Player,Story Based,Medium,7.7,2016,CD Projekt,Anime,Medium,Competitive,84
Road Fury 547,Action,PC,Single Player,Battle Royale,Hard,6.9,2025,Activision,Realistic,Long,Competitive,74
Speed Legends 548,Action,PlayStation,Single Player,Open World,Easy,8.7,2023,Activision,Realistic,Medium,LAN,82
Battle Arena 549,RPG,PlayStation,Multiplayer,Simulation,Easy,8.2,2023,Bethesda,3D,Long,LAN,74
Night Hunter 550,Simulation,PlayStation,Single Player,Open World,Medium,9.0,2016,Ubisoft,Realistic,Long,Casual,80
Space Raiders 551,Shooter,PC,Single Player,Open World,Hard,8.2,2023,CD Projekt,Anime,Medium,Competitive,79
Hero Clash 552,Shooter,PC,Multiplayer,Open World,Hard,9.3,2024,Valve,3D,Long,Competitive,89
Space Raiders 553,Simulation,PC,Multiplayer,Tactical,Easy,8.3,2019,CD Projekt,Pixel,Long,Online Co-op,82
Fantasy Kings 554,Simulation,PC,Single Player,Open World,Easy,8.4,2016,Bethesda,Realistic,Long,Solo,78
Dark Odyssey 555,Shooter,Mobile,Single Player,Sandbox,Hard,9.4,2016,Epic Games,Cartoon,Short,Solo,90
Survival Zone 556,Action,PC,Multiplayer,Open World,Easy,7.8,2018,Rockstar,Realistic,Medium,Online Co-op,83
Zombie Escape 557,Adventure,Mobile,Single Player,Tactical,Hard,6.9,2020,EA Sports,Pixel,Short,Solo,87
Fantasy Kings 558,Simulation,Nintendo,Single Player,Story Based,Medium,6.6,2020,Ubisoft,3D,Medium,LAN,84
Cyber Quest 559,Survival,PC,Single Player,Sandbox,Medium,9.0,2024,Nintendo,Pixel,Medium,Solo,79
Space Raiders 560,RPG,PlayStation,Single Player,Tactical,Easy,8.5,2025,Nintendo,Cartoon,Long,Solo,93
Hero Clash 561,Strategy,Mobile,Multiplayer,Simulation,Hard,8.8,2017,Nintendo,Anime,Medium,Online Co-op,76
Dragon Realm 562,Strategy,PlayStation,Single Player,Story Based,Easy,7.2,2017,Activision,Realistic,Short,Casual,77
Survival Zone 563,Sports,Mobile,Single Player,Simulation,Easy,7.0,2021,Nintendo,3D,Short,Solo,97
Zombie Escape 564,Survival,PlayStation,Multiplayer,Battle Royale,Easy,6.5,2024,EA Sports,Anime,Short,Solo,72
Shadow Strike 565,Shooter,PC,Multiplayer,Simulation,Easy,7.7,2016,Rockstar,Pixel,Medium,Casual,84
Hero Clash 566,Action,PC,Multiplayer,Tactical,Hard,8.4,2024,Nintendo,3D,Short,Online Co-op,85
Shadow Strike 567,Action,Nintendo,Multiplayer,Open World,Medium,7.8,2024,CD Projekt,Anime,Medium,Casual,73
Hero Clash 568,Adventure,Nintendo,Multiplayer,Tactical,Hard,7.9,2024,CD Projekt,3D,Short,Online Co-op,90
Hero Clash 569,Survival,PC,Multiplayer,Sandbox,Medium,9.5,2020,Activision,Cartoon,Short,LAN,75
Pixel Warriors 570,RPG,Nintendo,Multiplayer,Open World,Medium,7.6,2024,EA Sports,Cartoon,Medium,Online Co-op,70
Night Hunter 571,Action,Nintendo,Multiplayer,Sandbox,Hard,8.2,2019,Rockstar,Realistic,Short,LAN,73
Night Hunter 572,Shooter,Mobile,Multiplayer,Sandbox,Hard,9.1,2017,Ubisoft,Realistic,Long,LAN,80
Cyber Quest 573,Racing,PlayStation,Multiplayer,Sandbox,Easy,7.8,2021,Bethesda,Cartoon,Medium,Online Co-op,81
Mystic World 574,Strategy,Xbox,Single Player,Open World,Medium,8.6,2019,Rockstar,3D,Medium,Competitive,95
Road Fury 575,Strategy,PlayStation,Single Player,Tactical,Medium,9.3,2021,Bethesda,Cartoon,Medium,Online Co-op,98
Battle Arena 576,Action,Nintendo,Single Player,Open World,Easy,9.6,2018,Epic Games,Realistic,Long,Solo,74
Mystic World 577,Horror,PlayStation,Single Player,Battle Royale,Hard,7.0,2021,Bethesda,Cartoon,Medium,Solo,92
Mystic World 578,RPG,Mobile,Single Player,Battle Royale,Easy,9.6,2017,Valve,Cartoon,Short,Competitive,98
Dragon Realm 579,RPG,PlayStation,Multiplayer,Battle Royale,Hard,8.1,2017,CD Projekt,3D,Short,LAN,90
Epic Champions 580,Action,Mobile,Multiplayer,Open World,Easy,7.4,2024,EA Sports,Anime,Short,Competitive,85
Battle Arena 581,Action,PlayStation,Single Player,Open World,Easy,8.0,2022,Capcom,Realistic,Medium,Solo,82
Epic Champions 582,Simulation,Nintendo,Multiplayer,Story Based,Medium,9.7,2018,Activision,3D,Short,Competitive,82
Fantasy Kings 583,Sports,Xbox,Single Player,Story Based,Medium,8.1,2016,Valve,Cartoon,Medium,Online Co-op,86
Speed Legends 584,Simulation,PC,Multiplayer,Open World,Hard,7.6,2023,Bethesda,Cartoon,Short,Competitive,96
Speed Legends 585,Simulation,PlayStation,Single Player,Story Based,Medium,8.6,2021,Nintendo,Anime,Long,LAN,76
Epic Champions 586,Action,Xbox,Multiplayer,Story Based,Medium,7.3,2022,EA Sports,Realistic,Long,Online Co-op,77
Survival Zone 587,Sports,PlayStation,Single Player,Simulation,Medium,6.8,2024,Valve,Realistic,Long,Casual,82
Fantasy Kings 588,Action,PlayStation,Single Player,Tactical,Medium,6.9,2020,Activision,Pixel,Long,Solo,92
Dragon Realm 589,Horror,PlayStation,Multiplayer,Simulation,Hard,6.9,2016,CD Projekt,Realistic,Medium,Solo,96
Dragon Realm 590,Horror,Xbox,Single Player,Story Based,Hard,7.0,2025,EA Sports,Anime,Short,Competitive,85
Shadow Strike 591,Strategy,PC,Single Player,Simulation,Easy,7.0,2022,Activision,Pixel,Long,Online Co-op,99
Road Fury 592,Strategy,Mobile,Single Player,Tactical,Medium,8.6,2020,Epic Games,Pixel,Medium,Casual,98
Cyber Quest 593,Action,Mobile,Single Player,Battle Royale,Easy,7.1,2018,Epic Games,Cartoon,Long,Online Co-op,73
Dark Odyssey 594,Shooter,Xbox,Multiplayer,Open World,Medium,7.6,2024,Activision,Cartoon,Long,Solo,77
Dragon Realm 595,Strategy,Mobile,Single Player,Sandbox,Easy,9.5,2016,Valve,Realistic,Medium,Online Co-op,85
Hero Clash 596,Racing,PlayStation,Single Player,Sandbox,Medium,8.1,2016,EA Sports,Pixel,Medium,Casual,90
Battle Arena 597,Racing,Xbox,Single Player,Battle Royale,Medium,8.7,2016,Valve,Cartoon,Short,Competitive,79
Pixel Warriors 598,Sports,Nintendo,Single Player,Tactical,Easy,7.1,2018,Ubisoft,Anime,Short,LAN,94
Fantasy Kings 599,Simulation,Nintendo,Single Player,Battle Royale,Medium,7.1,2021,Bethesda,Cartoon,Long,Online Co-op,81
Space Raiders 600,Strategy,Mobile,Multiplayer,Open World,Medium,6.6,2025,Ubisoft,Cartoon,Long,LAN,81
Epic Champions 601,Strategy,Mobile,Multiplayer,Open World,Medium,7.1,2018,Epic Games,Pixel,Short,Solo,95
Dark Odyssey 602,Action,Nintendo,Single Player,Simulation,Easy,7.4,2023,CD Projekt,Pixel,Short,Competitive,74
Epic Champions 603,RPG,PlayStation,Multiplayer,Open World,Easy,7.1,2025,Rockstar,3D,Medium,Competitive,85
Road Fury 604,Horror,PC,Single Player,Tactical,Hard,6.8,2017,Bethesda,Anime,Short,Online Co-op,70
Hero Clash 605,Horror,PlayStation,Multiplayer,Simulation,Medium,6.9,2024,Epic Games,Pixel,Short,Competitive,97
Shadow Strike 606,Simulation,PlayStation,Multiplayer,Battle Royale,Hard,8.0,2018,Valve,Realistic,Long,Online Co-op,78
Shadow Strike 607,Adventure,Xbox,Multiplayer,Tactical,Medium,7.2,2020,Valve,Anime,Short,Online Co-op,81
Night Hunter 608,Sports,PlayStation,Single Player,Open World,Medium,7.7,2025,Valve,Anime,Long,LAN,74
Shadow Strike 609,Strategy,Nintendo,Multiplayer,Open World,Easy,8.2,2023,CD Projekt,Pixel,Short,Competitive,91
Epic Champions 610,Adventure,Xbox,Multiplayer,Battle Royale,Medium,8.8,2017,Ubisoft,Anime,Medium,Online Co-op,89
Cyber Quest 611,Action,Nintendo,Multiplayer,Story Based,Medium,6.6,2021,Rockstar,Pixel,Short,LAN,91
Cyber Quest 612,Horror,Xbox,Multiplayer,Sandbox,Easy,9.1,2020,Valve,Cartoon,Short,Casual,97
Speed Legends 613,Strategy,PlayStation,Single Player,Story Based,Hard,8.6,2025,Capcom,3D,Short,LAN,93
Battle Arena 614,Simulation,PlayStation,Multiplayer,Tactical,Easy,6.8,2024,Bethesda,Cartoon,Long,LAN,72
Speed Legends 615,RPG,Xbox,Multiplayer,Story Based,Hard,9.4,2020,EA Sports,Pixel,Medium,Online Co-op,74
Hero Clash 616,Strategy,Mobile,Multiplayer,Sandbox,Medium,9.5,2017,Capcom,Pixel,Short,Solo,71
Night Hunter 617,RPG,Nintendo,Single Player,Battle Royale,Hard,6.7,2020,Rockstar,Cartoon,Long,Solo,83
Pixel Warriors 618,Survival,Nintendo,Single Player,Battle Royale,Medium,7.4,2019,CD Projekt,Realistic,Medium,Solo,71
Hero Clash 619,Survival,PC,Multiplayer,Battle Royale,Hard,9.2,2022,Rockstar,Realistic,Long,LAN,82
Pixel Warriors 620,Adventure,PC,Multiplayer,Tactical,Hard,9.0,2021,EA Sports,Realistic,Long,Online Co-op,76
Fantasy Kings 621,Horror,PlayStation,Single Player,Story Based,Medium,7.1,2017,Bethesda,Pixel,Medium,Competitive,79
Dragon Realm 622,Action,Xbox,Single Player,Simulation,Hard,7.2,2020,EA Sports,Anime,Short,LAN,82
Dark Odyssey 623,Racing,Nintendo,Multiplayer,Battle Royale,Hard,7.7,2022,Activision,Pixel,Long,LAN,85
Shadow Strike 624,Horror,Mobile,Single Player,Open World,Hard,8.1,2022,Bethesda,Anime,Long,Online Co-op,95
Hero Clash 625,Adventure,Nintendo,Multiplayer,Open World,Easy,8.5,2020,Rockstar,Cartoon,Short,Casual,83
Cyber Quest 626,Action,PlayStation,Single Player,Battle Royale,Easy,7.7,2024,Valve,3D,Short,LAN,80
Cyber Quest 627,Sports,PlayStation,Multiplayer,Story Based,Medium,8.0,2019,Rockstar,Anime,Medium,Casual,79
Mystic World 628,Horror,PC,Multiplayer,Battle Royale,Hard,9.0,2018,Rockstar,Realistic,Medium,Casual,75
Epic Champions 629,RPG,PC,Single Player,Tactical,Easy,6.6,2019,Bethesda,Pixel,Medium,Solo,73
Space Raiders 630,Horror,Xbox,Multiplayer,Sandbox,Easy,7.3,2020,Activision,Cartoon,Short,Online Co-op,90
Survival Zone 631,Sports,PlayStation,Multiplayer,Simulation,Medium,8.9,2021,Rockstar,Realistic,Long,Casual,70
Speed Legends 632,Adventure,PC,Single Player,Tactical,Hard,9.5,2018,Capcom,Cartoon,Long,Online Co-op,76
Shadow Strike 633,Racing,Xbox,Multiplayer,Open World,Hard,8.2,2017,Epic Games,3D,Medium,Solo,93
Dragon Realm 634,Strategy,Nintendo,Multiplayer,Simulation,Medium,8.3,2019,Nintendo,Pixel,Short,Online Co-op,78
Fantasy Kings 635,Sports,PlayStation,Single Player,Simulation,Medium,6.9,2020,Nintendo,Pixel,Long,LAN,77
Dragon Realm 636,Strategy,Xbox,Single Player,Sandbox,Medium,8.0,2019,Rockstar,3D,Medium,Casual,74
Pixel Warriors 637,Adventure,PlayStation,Single Player,Tactical,Medium,8.3,2018,Capcom,Pixel,Long,Online Co-op,88
Speed Legends 638,Adventure,Nintendo,Single Player,Battle Royale,Medium,7.3,2023,Valve,Anime,Long,Competitive,79
Hero Clash 639,Sports,PC,Single Player,Battle Royale,Hard,7.4,2025,CD Projekt,Cartoon,Short,Online Co-op,80
Fantasy Kings 640,Racing,PlayStation,Multiplayer,Simulation,Easy,7.7,2019,CD Projekt,Realistic,Short,Casual,94
Cyber Quest 641,Survival,PC,Multiplayer,Tactical,Medium,6.6,2017,Bethesda,3D,Long,Solo,84
Fantasy Kings 642,Simulation,Nintendo,Multiplayer,Simulation,Easy,7.6,2017,Nintendo,Anime,Medium,Solo,75
Dark Odyssey 643,Horror,Nintendo,Single Player,Open World,Easy,7.2,2016,Rockstar,Realistic,Short,Casual,84
Zombie Escape 644,Racing,Xbox,Multiplayer,Story Based,Medium,7.6,2019,CD Projekt,Realistic,Long,LAN,74
Shadow Strike 645,Survival,PlayStation,Single Player,Simulation,Easy,6.9,2025,Rockstar,3D,Short,LAN,98
Battle Arena 646,Strategy,PlayStation,Single Player,Tactical,Medium,9.4,2024,Bethesda,Anime,Short,Solo,88
Fantasy Kings 647,Shooter,PC,Multiplayer,Simulation,Hard,8.5,2022,Nintendo,Realistic,Short,Solo,91
Mystic World 648,Simulation,Mobile,Multiplayer,Open World,Easy,8.7,2025,EA Sports,Realistic,Long,Casual,88
Battle Arena 649,Sports,Nintendo,Multiplayer,Story Based,Easy,9.1,2022,Epic Games,Anime,Medium,LAN,79
Hero Clash 650,RPG,Mobile,Single Player,Simulation,Hard,8.1,2022,Epic Games,Pixel,Medium,Solo,81
Survival Zone 651,Adventure,PC,Multiplayer,Open World,Medium,6.8,2023,CD Projekt,Realistic,Medium,LAN,91
Shadow Strike 652,Action,PC,Single Player,Tactical,Hard,8.3,2016,Epic Games,Cartoon,Short,Solo,73
Battle Arena 653,Action,PC,Single Player,Sandbox,Hard,8.4,2025,EA Sports,Anime,Long,Online Co-op,87
Shadow Strike 654,Racing,Xbox,Multiplayer,Battle Royale,Easy,9.0,2025,Rockstar,Realistic,Short,Competitive,85
Night Hunter 655,Survival,Nintendo,Multiplayer,Tactical,Easy,7.9,2023,Bethesda,3D,Medium,Online Co-op,77
Road Fury 656,Adventure,PlayStation,Single Player,Open World,Medium,6.9,2019,EA Sports,Cartoon,Medium,Solo,73
Night Hunter 657,Action,Xbox,Multiplayer,Sandbox,Medium,7.4,2019,Bethesda,Realistic,Long,Competitive,94
Dark Odyssey 658,Horror,Mobile,Multiplayer,Open World,Easy,7.7,2019,Bethesda,Cartoon,Short,Competitive,92
Mystic World 659,RPG,Mobile,Multiplayer,Open World,Hard,8.6,2021,Nintendo,Cartoon,Medium,Solo,81
Hero Clash 660,Adventure,Mobile,Multiplayer,Story Based,Hard,8.4,2022,Rockstar,Pixel,Long,Solo,71
Epic Champions 661,Simulation,Mobile,Single Player,Tactical,Easy,7.7,2021,Capcom,Cartoon,Short,LAN,73
Hero Clash 662,Racing,PC,Multiplayer,Story Based,Medium,9.8,2016,Epic Games,Pixel,Short,Solo,74
Fantasy Kings 663,Shooter,Xbox,Single Player,Open World,Easy,8.5,2023,Capcom,Anime,Medium,Casual,72
Night Hunter 664,Strategy,Mobile,Single Player,Open World,Easy,7.3,2025,Nintendo,Pixel,Medium,Solo,78
Road Fury 665,Racing,Nintendo,Multiplayer,Battle Royale,Hard,6.8,2022,Bethesda,3D,Short,Casual,98
Zombie Escape 666,Survival,Mobile,Multiplayer,Story Based,Easy,7.0,2021,CD Projekt,Realistic,Short,Solo,90
Battle Arena 667,Adventure,PlayStation,Single Player,Simulation,Hard,7.3,2021,Epic Games,Anime,Medium,LAN,87
Shadow Strike 668,Shooter,Nintendo,Multiplayer,Story Based,Hard,7.0,2020,Epic Games,Anime,Short,Casual,80
Dark Odyssey 669,RPG,PC,Single Player,Sandbox,Medium,7.1,2021,Rockstar,3D,Medium,Online Co-op,72
Fantasy Kings 670,Adventure,PlayStation,Multiplayer,Tactical,Medium,7.4,2024,Activision,Pixel,Short,Casual,99
Night Hunter 671,Strategy,Xbox,Single Player,Sandbox,Hard,7.1,2025,Ubisoft,Realistic,Medium,LAN,94
Night Hunter 672,Simulation,Mobile,Single Player,Story Based,Hard,9.5,2024,Ubisoft,Pixel,Long,Casual,92
Speed Legends 673,Shooter,Mobile,Multiplayer,Simulation,Easy,6.8,2025,Ubisoft,Cartoon,Medium,Solo,71
Speed Legends 674,Adventure,Nintendo,Single Player,Sandbox,Easy,8.2,2023,Activision,Pixel,Medium,Solo,78
Dark Odyssey 675,Horror,PC,Multiplayer,Battle Royale,Medium,7.9,2025,Rockstar,Anime,Long,LAN,83
Speed Legends 676,Action,PC,Multiplayer,Sandbox,Medium,9.7,2024,Activision,Realistic,Short,Competitive,73
Speed Legends 677,Action,Mobile,Multiplayer,Tactical,Easy,6.9,2025,Ubisoft,Pixel,Long,Solo,98
Road Fury 678,Horror,Nintendo,Single Player,Battle Royale,Easy,7.8,2023,Nintendo,Realistic,Medium,Online Co-op,78
Epic Champions 679,Survival,Nintendo,Single Player,Story Based,Easy,9.7,2023,EA Sports,Realistic,Short,LAN,82
Cyber Quest 680,Action,PC,Multiplayer,Tactical,Easy,9.4,2016,Bethesda,Cartoon,Long,Casual,87
Epic Champions 681,Action,PC,Single Player,Story Based,Easy,9.2,2025,Activision,Cartoon,Short,Casual,84
Pixel Warriors 682,Adventure,Xbox,Multiplayer,Battle Royale,Easy,7.4,2020,Rockstar,Anime,Short,Online Co-op,97
Mystic World 683,Sports,PlayStation,Single Player,Battle Royale,Medium,7.1,2019,Rockstar,3D,Long,Solo,79
Dark Odyssey 684,Simulation,Nintendo,Multiplayer,Story Based,Hard,8.7,2017,Capcom,Realistic,Short,LAN,85
Dark Odyssey 685,Strategy,PlayStation,Single Player,Story Based,Hard,9.6,2023,EA Sports,3D,Long,Online Co-op,81
Survival Zone 686,Strategy,Mobile,Single Player,Sandbox,Easy,8.3,2018,CD Projekt,Anime,Medium,Solo,89
Pixel Warriors 687,Survival,PlayStation,Single Player,Sandbox,Easy,8.4,2019,Epic Games,Realistic,Short,LAN,74
Road Fury 688,Survival,Xbox,Multiplayer,Tactical,Medium,7.4,2022,Ubisoft,Realistic,Medium,Casual,71
Battle Arena 689,Adventure,Mobile,Single Player,Story Based,Hard,9.0,2025,CD Projekt,3D,Medium,LAN,79
Space Raiders 690,Racing,Nintendo,Single Player,Story Based,Hard,7.1,2024,Capcom,Pixel,Short,Competitive,70
Pixel Warriors 691,Horror,Xbox,Single Player,Battle Royale,Easy,7.6,2017,Ubisoft,Cartoon,Long,LAN,76
Zombie Escape 692,Action,Xbox,Single Player,Open World,Hard,7.9,2018,EA Sports,Pixel,Short,Competitive,95
Shadow Strike 693,Action,PlayStation,Single Player,Open World,Hard,8.2,2019,Capcom,3D,Medium,LAN,86
Epic Champions 694,Shooter,PC,Multiplayer,Sandbox,Easy,7.3,2025,Ubisoft,Cartoon,Medium,Competitive,85
Shadow Strike 695,Action,Mobile,Single Player,Story Based,Easy,6.9,2016,EA Sports,Pixel,Long,Casual,96
Speed Legends 696,Shooter,Xbox,Multiplayer,Simulation,Medium,8.5,2022,Valve,Cartoon,Short,Solo,96
Shadow Strike 697,Simulation,Xbox,Single Player,Tactical,Hard,7.5,2017,CD Projekt,Realistic,Medium,Competitive,93
Survival Zone 698,Survival,Xbox,Single Player,Story Based,Easy,8.4,2020,CD Projekt,Pixel,Medium,Competitive,72
Mystic World 699,Horror,PC,Multiplayer,Battle Royale,Easy,7.0,2016,Epic Games,Cartoon,Medium,Casual,83
Dragon Realm 700,Simulation,Xbox,Single Player,Simulation,Easy,8.1,2018,EA Sports,Cartoon,Long,Competitive,79
Dark Odyssey 701,Adventure,Mobile,Multiplayer,Sandbox,Hard,8.3,2017,Activision,Cartoon,Medium,Online Co-op,91
Space Raiders 702,Strategy,Nintendo,Single Player,Open World,Easy,6.7,2016,Valve,Pixel,Medium,Casual,76
Hero Clash 703,Strategy,PlayStation,Single Player,Sandbox,Easy,7.6,2022,Nintendo,Anime,Short,Online Co-op,95
Pixel Warriors 704,Adventure,Xbox,Single Player,Sandbox,Easy,6.9,2020,Ubisoft,Pixel,Short,Casual,86
Cyber Quest 705,Horror,Xbox,Multiplayer,Open World,Easy,6.7,2016,Valve,3D,Medium,Competitive,99
Speed Legends 706,Action,PC,Single Player,Story Based,Hard,9.8,2021,EA Sports,Pixel,Medium,Online Co-op,75
Cyber Quest 707,Simulation,Nintendo,Single Player,Open World,Easy,7.6,2020,Bethesda,Cartoon,Short,Competitive,92
Cyber Quest 708,Action,Mobile,Multiplayer,Story Based,Hard,9.2,2018,Ubisoft,Realistic,Long,Casual,91
Space Raiders 709,Horror,PC,Single Player,Open World,Easy,7.3,2022,Rockstar,Pixel,Long,Competitive,73
Survival Zone 710,Sports,PC,Single Player,Story Based,Easy,8.7,2025,CD Projekt,Pixel,Long,Online Co-op,86
Shadow Strike 711,Adventure,Mobile,Multiplayer,Sandbox,Easy,9.0,2024,EA Sports,Cartoon,Long,Online Co-op,96
Fantasy Kings 712,RPG,PC,Single Player,Tactical,Easy,8.5,2024,Rockstar,Realistic,Long,Competitive,78
Hero Clash 713,Simulation,Nintendo,Single Player,Story Based,Medium,8.1,2024,Epic Games,Realistic,Long,LAN,73
Pixel Warriors 714,RPG,Mobile,Single Player,Battle Royale,Easy,7.9,2017,Capcom,3D,Long,Casual,76
Survival Zone 715,Simulation,Mobile,Single Player,Simulation,Hard,7.7,2018,Nintendo,Pixel,Long,Casual,92
Space Raiders 716,Shooter,Xbox,Single Player,Tactical,Hard,9.6,2022,Nintendo,Realistic,Short,Competitive,71
Fantasy Kings 717,RPG,Xbox,Single Player,Tactical,Easy,9.2,2020,Rockstar,Realistic,Long,LAN,86
Cyber Quest 718,Racing,PC,Multiplayer,Simulation,Medium,9.7,2017,CD Projekt,Anime,Long,Online Co-op,93
Cyber Quest 719,Survival,Nintendo,Multiplayer,Sandbox,Hard,6.9,2018,Epic Games,Anime,Long,Solo,77
Dark Odyssey 720,Sports,Mobile,Multiplayer,Story Based,Hard,8.9,2025,Bethesda,Realistic,Medium,Solo,92
Battle Arena 721,Racing,Xbox,Single Player,Battle Royale,Hard,9.6,2021,CD Projekt,3D,Short,Competitive,99
Space Raiders 722,Action,Xbox,Multiplayer,Story Based,Medium,7.1,2022,Valve,Realistic,Short,LAN,84
Night Hunter 723,Action,Mobile,Single Player,Open World,Hard,6.7,2024,Nintendo,Cartoon,Short,LAN,84
Space Raiders 724,RPG,PC,Single Player,Sandbox,Hard,8.9,2016,Valve,Pixel,Long,Casual,77
Shadow Strike 725,Simulation,PlayStation,Single Player,Simulation,Hard,8.4,2022,Ubisoft,3D,Long,Online Co-op,85
Pixel Warriors 726,Adventure,Nintendo,Multiplayer,Simulation,Medium,9.3,2023,Activision,Cartoon,Medium,LAN,88
Pixel Warriors 727,Action,PlayStation,Single Player,Battle Royale,Easy,7.0,2018,EA Sports,3D,Short,Solo,80
Night Hunter 728,RPG,Xbox,Multiplayer,Tactical,Easy,9.1,2019,Epic Games,Cartoon,Long,Online Co-op,71
Hero Clash 729,Simulation,PlayStation,Single Player,Sandbox,Medium,7.2,2025,CD Projekt,Pixel,Short,Online Co-op,92
Mystic World 730,Action,Nintendo,Multiplayer,Sandbox,Hard,7.0,2021,Nintendo,Pixel,Medium,Competitive,93
Survival Zone 731,Shooter,PC,Multiplayer,Sandbox,Medium,7.0,2025,Valve,Anime,Medium,LAN,86
Zombie Escape 732,Simulation,PlayStation,Multiplayer,Simulation,Hard,9.2,2022,Capcom,Cartoon,Medium,Competitive,97
Survival Zone 733,Racing,PC,Single Player,Tactical,Easy,8.7,2019,Ubisoft,Anime,Short,LAN,95
Battle Arena 734,Horror,Mobile,Single Player,Tactical,Hard,8.2,2023,EA Sports,Cartoon,Long,Casual,85
Pixel Warriors 735,Survival,PC,Multiplayer,Battle Royale,Easy,7.7,2020,EA Sports,Anime,Long,Competitive,94
Pixel Warriors 736,Strategy,PlayStation,Single Player,Sandbox,Medium,9.4,2016,CD Projekt,Pixel,Medium,Competitive,84
Cyber Quest 737,Horror,PlayStation,Multiplayer,Tactical,Easy,7.8,2019,Epic Games,3D,Long,Solo,82
Mystic World 738,Shooter,Mobile,Multiplayer,Story Based,Easy,9.2,2018,Bethesda,Anime,Medium,Competitive,84
Speed Legends 739,Sports,Xbox,Single Player,Story Based,Easy,7.9,2024,Capcom,Cartoon,Short,LAN,96
Fantasy Kings 740,Racing,PlayStation,Single Player,Story Based,Hard,7.7,2023,CD Projekt,Cartoon,Medium,Solo,73
Cyber Quest 741,RPG,PlayStation,Single Player,Story Based,Medium,8.0,2016,Valve,Pixel,Short,Competitive,85
Epic Champions 742,Horror,PlayStation,Multiplayer,Battle Royale,Hard,7.5,2021,Activision,Cartoon,Medium,Competitive,99
Mystic World 743,Shooter,Nintendo,Single Player,Simulation,Hard,9.0,2024,Rockstar,Realistic,Long,Casual,81
Mystic World 744,Racing,PC,Single Player,Open World,Hard,8.2,2022,Bethesda,3D,Long,Competitive,99
Space Raiders 745,Horror,PlayStation,Multiplayer,Simulation,Hard,7.3,2019,Epic Games,Anime,Medium,Online Co-op,73
Fantasy Kings 746,Survival,PC,Multiplayer,Battle Royale,Medium,9.5,2016,Ubisoft,3D,Long,Solo,72
Dark Odyssey 747,Survival,PlayStation,Multiplayer,Simulation,Easy,7.8,2017,Bethesda,Pixel,Long,Online Co-op,91
Fantasy Kings 748,RPG,PlayStation,Single Player,Simulation,Medium,8.3,2020,Nintendo,Anime,Long,Solo,86
Fantasy Kings 749,Shooter,Mobile,Multiplayer,Sandbox,Medium,9.5,2020,Epic Games,Anime,Short,Casual,91
Road Fury 750,Racing,Xbox,Single Player,Tactical,Medium,8.6,2023,Activision,Realistic,Long,Competitive,87
Mystic World 751,Action,Nintendo,Multiplayer,Story Based,Easy,6.9,2021,Nintendo,Pixel,Short,Competitive,94
Survival Zone 752,Racing,Xbox,Single Player,Story Based,Easy,9.6,2023,Bethesda,Cartoon,Medium,Competitive,87
Night Hunter 753,Strategy,PlayStation,Multiplayer,Open World,Medium,8.6,2017,Rockstar,Realistic,Long,Solo,92
Fantasy Kings 754,Simulation,Xbox,Multiplayer,Tactical,Easy,7.6,2018,Rockstar,Realistic,Long,Competitive,97
Epic Champions 755,Simulation,Xbox,Single Player,Battle Royale,Hard,7.0,2021,Activision,3D,Long,Online Co-op,86
Space Raiders 756,RPG,Xbox,Multiplayer,Sandbox,Easy,9.1,2025,EA Sports,3D,Medium,Competitive,81
Battle Arena 757,Racing,Xbox,Multiplayer,Tactical,Easy,8.5,2018,Capcom,3D,Short,Casual,92
Dragon Realm 758,Adventure,Nintendo,Multiplayer,Story Based,Medium,8.3,2021,Ubisoft,Realistic,Short,Online Co-op,90
Hero Clash 759,Simulation,Mobile,Single Player,Simulation,Easy,9.4,2021,EA Sports,Cartoon,Long,Competitive,93
Battle Arena 760,Adventure,Nintendo,Single Player,Story Based,Easy,9.1,2017,Rockstar,Anime,Medium,Competitive,73
Zombie Escape 761,Sports,PC,Single Player,Simulation,Hard,7.0,2022,Rockstar,3D,Medium,LAN,81
Cyber Quest 762,Sports,Mobile,Multiplayer,Sandbox,Hard,7.5,2017,Valve,Cartoon,Medium,Solo,95
Hero Clash 763,Racing,PC,Single Player,Sandbox,Medium,7.3,2021,Nintendo,Pixel,Medium,Online Co-op,92
Mystic World 764,Action,PlayStation,Single Player,Simulation,Hard,9.0,2016,Bethesda,3D,Medium,LAN,91
Hero Clash 765,Horror,Mobile,Single Player,Sandbox,Medium,6.6,2018,Ubisoft,Anime,Short,Casual,90
Dragon Realm 766,Strategy,PlayStation,Multiplayer,Story Based,Hard,8.4,2017,Activision,Pixel,Short,Solo,89
Dragon Realm 767,Simulation,Xbox,Multiplayer,Open World,Easy,9.0,2022,Bethesda,Pixel,Short,Online Co-op,84
Pixel Warriors 768,Racing,PC,Multiplayer,Tactical,Easy,9.4,2019,Valve,Anime,Long,Competitive,92
Epic Champions 769,Action,Xbox,Multiplayer,Sandbox,Easy,7.6,2023,Rockstar,3D,Medium,Online Co-op,97
Night Hunter 770,Survival,Nintendo,Multiplayer,Open World,Hard,9.2,2021,Activision,Realistic,Long,Competitive,85
Fantasy Kings 771,Survival,Nintendo,Multiplayer,Simulation,Easy,6.9,2025,Rockstar,Anime,Medium,Solo,74
Speed Legends 772,Action,Xbox,Single Player,Open World,Easy,9.3,2019,Ubisoft,Anime,Short,Competitive,90
Survival Zone 773,Sports,Xbox,Single Player,Battle Royale,Medium,6.9,2020,Nintendo,Anime,Long,Casual,84
Battle Arena 774,RPG,PlayStation,Multiplayer,Open World,Easy,7.8,2024,Bethesda,Pixel,Short,Competitive,86
Dragon Realm 775,Racing,PlayStation,Multiplayer,Battle Royale,Hard,9.1,2022,Bethesda,Cartoon,Medium,Casual,87
Dragon Realm 776,Racing,Xbox,Multiplayer,Battle Royale,Hard,7.0,2025,EA Sports,Realistic,Medium,Solo,74
Hero Clash 777,Shooter,Mobile,Multiplayer,Sandbox,Easy,7.3,2024,Activision,3D,Medium,Solo,82
Cyber Quest 778,Action,PC,Single Player,Simulation,Medium,8.9,2022,Capcom,3D,Short,Online Co-op,88
Battle Arena 779,Survival,PlayStation,Single Player,Open World,Medium,8.9,2016,Valve,Cartoon,Medium,Casual,99
Fantasy Kings 780,Sports,PlayStation,Single Player,Simulation,Medium,8.6,2023,Capcom,Anime,Short,Casual,82
Pixel Warriors 781,Racing,Nintendo,Single Player,Tactical,Medium,8.8,2019,EA Sports,Realistic,Long,LAN,87
Dragon Realm 782,Shooter,PlayStation,Single Player,Battle Royale,Medium,8.3,2018,Ubisoft,3D,Medium,LAN,83
Survival Zone 783,RPG,Mobile,Single Player,Story Based,Hard,7.3,2022,Valve,3D,Medium,LAN,99
Hero Clash 784,Action,Nintendo,Multiplayer,Sandbox,Medium,7.6,2018,Nintendo,Anime,Medium,Competitive,73
Cyber Quest 785,Adventure,Nintendo,Multiplayer,Open World,Hard,7.1,2023,Capcom,Cartoon,Long,LAN,73
Mystic World 786,Survival,PC,Single Player,Sandbox,Medium,9.5,2021,Nintendo,Realistic,Medium,Casual,89
Dragon Realm 787,Racing,PlayStation,Single Player,Battle Royale,Easy,8.4,2020,Capcom,Cartoon,Short,Competitive,89
Epic Champions 788,RPG,PlayStation,Multiplayer,Battle Royale,Easy,7.8,2019,Nintendo,Cartoon,Short,Solo,88
Battle Arena 789,RPG,PlayStation,Multiplayer,Tactical,Easy,8.0,2023,Capcom,Realistic,Medium,Online Co-op,82
Cyber Quest 790,Strategy,Mobile,Multiplayer,Story Based,Medium,9.6,2023,Nintendo,Realistic,Medium,LAN,81
Mystic World 791,Shooter,Xbox,Single Player,Simulation,Medium,7.0,2016,EA Sports,3D,Long,Solo,76
Fantasy Kings 792,Strategy,Mobile,Multiplayer,Sandbox,Hard,8.4,2024,Epic Games,3D,Long,Casual,94
Cyber Quest 793,Sports,PlayStation,Single Player,Story Based,Hard,8.2,2020,Valve,Realistic,Long,Online Co-op,81
Speed Legends 794,Simulation,Xbox,Multiplayer,Battle Royale,Easy,8.5,2019,Activision,Pixel,Medium,Solo,90
Zombie Escape 795,Strategy,PlayStation,Multiplayer,Story Based,Easy,6.6,2021,Ubisoft,3D,Long,Online Co-op,73
Epic Champions 796,Simulation,Xbox,Single Player,Sandbox,Medium,9.4,2021,CD Projekt,Pixel,Long,LAN,96
Dark Odyssey 797,Adventure,Mobile,Single Player,Open World,Medium,9.6,2017,Rockstar,Realistic,Short,Casual,71
Cyber Quest 798,Racing,Nintendo,Single Player,Battle Royale,Hard,8.4,2023,Activision,3D,Long,Online Co-op,71
Dragon Realm 799,Sports,Mobile,Multiplayer,Open World,Easy,8.8,2022,Rockstar,Cartoon,Short,Solo,74
Fantasy Kings 800,Survival,PC,Multiplayer,Simulation,Medium,9.5,2016,Valve,Realistic,Short,LAN,92
Mystic World 801,Adventure,PlayStation,Multiplayer,Battle Royale,Medium,8.8,2020,Activision,Anime,Long,LAN,79
Shadow Strike 802,Sports,PC,Multiplayer,Sandbox,Medium,7.0,2021,Nintendo,Pixel,Short,Solo,79
Dark Odyssey 803,Sports,Nintendo,Single Player,Tactical,Medium,8.4,2019,Nintendo,Realistic,Medium,Solo,78
Fantasy Kings 804,Racing,PC,Multiplayer,Sandbox,Medium,8.5,2017,CD Projekt,Realistic,Medium,Online Co-op,82
Zombie Escape 805,Survival,PC,Multiplayer,Story Based,Medium,7.9,2019,Rockstar,3D,Long,Competitive,76
Zombie Escape 806,Simulation,Nintendo,Multiplayer,Battle Royale,Easy,8.9,2016,Ubisoft,3D,Medium,LAN,74
Zombie Escape 807,Horror,PC,Single Player,Open World,Hard,9.6,2022,Valve,3D,Short,Online Co-op,95
Night Hunter 808,Racing,PC,Multiplayer,Open World,Medium,9.6,2017,Nintendo,Anime,Medium,Solo,79
Survival Zone 809,Racing,PlayStation,Single Player,Open World,Medium,8.0,2017,Epic Games,3D,Long,Online Co-op,79
Epic Champions 810,Survival,Xbox,Single Player,Simulation,Medium,6.9,2024,EA Sports,Realistic,Long,Solo,75
Survival Zone 811,Sports,PC,Multiplayer,Simulation,Medium,9.7,2020,EA Sports,3D,Short,Casual,96
Hero Clash 812,Simulation,Nintendo,Multiplayer,Story Based,Medium,9.3,2017,Capcom,Cartoon,Long,Solo,97
Dragon Realm 813,RPG,PlayStation,Single Player,Battle Royale,Medium,6.9,2024,Ubisoft,3D,Medium,Solo,88
Pixel Warriors 814,Survival,Mobile,Multiplayer,Tactical,Medium,9.5,2024,EA Sports,Anime,Long,Solo,90
Dragon Realm 815,Sports,Mobile,Single Player,Open World,Easy,9.4,2016,Capcom,Cartoon,Short,Competitive,77
Road Fury 816,Shooter,PC,Multiplayer,Tactical,Easy,8.2,2018,Rockstar,Realistic,Long,Solo,70
Night Hunter 817,Adventure,PlayStation,Multiplayer,Story Based,Easy,8.5,2019,Nintendo,Realistic,Medium,LAN,97
Zombie Escape 818,Sports,PlayStation,Single Player,Story Based,Hard,7.8,2022,Nintendo,Pixel,Short,LAN,86
Zombie Escape 819,RPG,Xbox,Single Player,Simulation,Hard,6.7,2025,Epic Games,Cartoon,Medium,Online Co-op,76
Night Hunter 820,Sports,Nintendo,Multiplayer,Tactical,Hard,7.6,2019,Activision,Pixel,Short,Competitive,83
Battle Arena 821,Shooter,PC,Multiplayer,Open World,Hard,9.1,2017,EA Sports,Cartoon,Long,Online Co-op,90
Space Raiders 822,Sports,Xbox,Multiplayer,Sandbox,Medium,6.5,2022,Rockstar,Cartoon,Short,LAN,99
Battle Arena 823,Racing,Mobile,Multiplayer,Battle Royale,Hard,7.6,2021,Bethesda,Anime,Short,LAN,90
Epic Champions 824,Horror,PC,Multiplayer,Simulation,Medium,7.8,2018,EA Sports,Pixel,Long,Casual,86
Pixel Warriors 825,RPG,Xbox,Single Player,Tactical,Hard,8.3,2021,Ubisoft,Anime,Medium,Solo,78
Speed Legends 826,RPG,PC,Multiplayer,Tactical,Medium,9.5,2021,Activision,Cartoon,Long,LAN,86
Battle Arena 827,Adventure,Xbox,Single Player,Tactical,Hard,7.6,2020,EA Sports,Realistic,Short,Online Co-op,74
Fantasy Kings 828,RPG,Mobile,Multiplayer,Open World,Medium,7.6,2019,Rockstar,Cartoon,Long,Online Co-op,95
Pixel Warriors 829,Shooter,Xbox,Single Player,Open World,Medium,8.9,2025,EA Sports,Anime,Short,Solo,94
Mystic World 830,RPG,Nintendo,Single Player,Battle Royale,Medium,8.0,2016,Ubisoft,Pixel,Long,Solo,99
Speed Legends 831,Sports,PC,Single Player,Open World,Medium,7.2,2025,Bethesda,Pixel,Long,Casual,89
Dragon Realm 832,Simulation,Nintendo,Multiplayer,Open World,Easy,8.0,2021,Valve,Anime,Medium,Competitive,98
Pixel Warriors 833,Racing,Xbox,Single Player,Battle Royale,Hard,7.0,2017,CD Projekt,Pixel,Short,Online Co-op,77
Zombie Escape 834,Simulation,Nintendo,Multiplayer,Open World,Hard,7.1,2018,Bethesda,3D,Medium,Solo,75
Cyber Quest 835,Strategy,Nintendo,Multiplayer,Simulation,Hard,8.1,2023,Capcom,Realistic,Short,Online Co-op,80
Space Raiders 836,Racing,Mobile,Multiplayer,Battle Royale,Medium,7.9,2025,EA Sports,Realistic,Long,Solo,88
Space Raiders 837,Sports,Nintendo,Multiplayer,Story Based,Easy,9.5,2021,Nintendo,Realistic,Short,LAN,73
Dark Odyssey 838,Racing,PlayStation,Multiplayer,Battle Royale,Hard,7.7,2018,Epic Games,Pixel,Medium,Online Co-op,87
Mystic World 839,Action,Mobile,Single Player,Open World,Hard,8.4,2022,Nintendo,Pixel,Medium,LAN,70
Cyber Quest 840,Horror,Nintendo,Single Player,Simulation,Medium,8.6,2019,Bethesda,Cartoon,Medium,Online Co-op,82
Hero Clash 841,Adventure,PlayStation,Single Player,Sandbox,Medium,6.5,2024,Nintendo,Cartoon,Short,Competitive,83
Survival Zone 842,Simulation,Nintendo,Multiplayer,Sandbox,Medium,8.7,2020,Rockstar,Realistic,Medium,Casual,93
Epic Champions 843,Adventure,Nintendo,Multiplayer,Story Based,Medium,7.1,2018,Nintendo,3D,Medium,LAN,70
Zombie Escape 844,Sports,Xbox,Multiplayer,Simulation,Easy,9.7,2017,Activision,Cartoon,Medium,Solo,99
Fantasy Kings 845,Strategy,PlayStation,Single Player,Open World,Easy,7.0,2017,Valve,Cartoon,Long,Competitive,98
Dark Odyssey 846,Racing,Mobile,Multiplayer,Story Based,Hard,7.9,2018,EA Sports,Pixel,Long,Online Co-op,80
Zombie Escape 847,Adventure,Xbox,Single Player,Tactical,Hard,6.8,2017,Nintendo,3D,Short,LAN,86
Hero Clash 848,Racing,Nintendo,Multiplayer,Story Based,Medium,9.8,2019,Ubisoft,Realistic,Short,Online Co-op,73
Mystic World 849,Strategy,Xbox,Multiplayer,Open World,Easy,8.2,2017,Valve,Cartoon,Medium,Online Co-op,95
Zombie Escape 850,Simulation,PlayStation,Multiplayer,Sandbox,Medium,8.5,2025,Valve,3D,Long,Online Co-op,81
Shadow Strike 851,Simulation,Nintendo,Single Player,Battle Royale,Hard,6.7,2024,Nintendo,3D,Medium,Casual,79
Cyber Quest 852,Simulation,Mobile,Multiplayer,Simulation,Hard,9.0,2017,Valve,Realistic,Medium,Casual,75
Mystic World 853,RPG,PlayStation,Multiplayer,Battle Royale,Medium,7.2,2024,Epic Games,3D,Long,Solo,94
Road Fury 854,Strategy,Xbox,Single Player,Open World,Easy,9.5,2021,Nintendo,3D,Long,LAN,70
Battle Arena 855,Shooter,Xbox,Single Player,Sandbox,Easy,7.2,2016,Rockstar,3D,Long,Competitive,76
Road Fury 856,RPG,Xbox,Multiplayer,Story Based,Hard,7.1,2019,Bethesda,Cartoon,Short,Competitive,95
Dark Odyssey 857,RPG,PlayStation,Multiplayer,Open World,Hard,6.6,2016,Activision,Realistic,Short,Competitive,96
Zombie Escape 858,Survival,Nintendo,Single Player,Sandbox,Medium,8.1,2021,CD Projekt,3D,Medium,Online Co-op,90
Survival Zone 859,Simulation,PlayStation,Single Player,Story Based,Easy,8.4,2019,Capcom,3D,Short,Casual,97
Hero Clash 860,Adventure,Xbox,Single Player,Story Based,Hard,6.7,2018,Valve,Cartoon,Long,LAN,85
Hero Clash 861,Shooter,Xbox,Single Player,Story Based,Medium,9.1,2018,Rockstar,Realistic,Long,Online Co-op,93
Dark Odyssey 862,Strategy,PC,Multiplayer,Tactical,Medium,8.0,2024,EA Sports,Pixel,Short,Casual,83
Dark Odyssey 863,RPG,Nintendo,Multiplayer,Story Based,Hard,8.2,2021,EA Sports,Cartoon,Medium,Casual,92
Zombie Escape 864,Sports,Nintendo,Single Player,Simulation,Hard,8.0,2024,Capcom,Realistic,Medium,LAN,89
Pixel Warriors 865,Simulation,PlayStation,Multiplayer,Tactical,Hard,7.8,2020,Activision,3D,Short,LAN,89
Speed Legends 866,Adventure,PC,Single Player,Open World,Hard,8.3,2017,Valve,Realistic,Medium,LAN,75
Road Fury 867,Racing,PlayStation,Multiplayer,Story Based,Easy,7.0,2023,Epic Games,Realistic,Medium,Online Co-op,91
Epic Champions 868,Strategy,Nintendo,Single Player,Battle Royale,Easy,7.1,2020,Capcom,Realistic,Medium,Solo,94
Speed Legends 869,Adventure,PlayStation,Multiplayer,Tactical,Easy,9.3,2017,Activision,Pixel,Long,LAN,97
Cyber Quest 870,Survival,Mobile,Single Player,Simulation,Easy,9.6,2019,Valve,Realistic,Long,Solo,74
Survival Zone 871,Sports,PlayStation,Single Player,Story Based,Medium,7.7,2024,Rockstar,Pixel,Short,Online Co-op,93
Hero Clash 872,RPG,Xbox,Multiplayer,Battle Royale,Medium,7.4,2019,Bethesda,3D,Long,Solo,90
Survival Zone 873,Adventure,Nintendo,Single Player,Sandbox,Hard,8.6,2019,Epic Games,Pixel,Medium,Competitive,87
Dark Odyssey 874,Survival,Nintendo,Multiplayer,Tactical,Easy,7.8,2017,CD Projekt,3D,Long,Solo,84
Space Raiders 875,Action,Xbox,Multiplayer,Sandbox,Hard,6.6,2021,EA Sports,3D,Short,LAN,75
Cyber Quest 876,Horror,Mobile,Multiplayer,Battle Royale,Hard,7.0,2017,Ubisoft,Pixel,Long,Online Co-op,94
Dark Odyssey 877,Strategy,PC,Multiplayer,Story Based,Easy,8.9,2022,Rockstar,Cartoon,Medium,LAN,98
Battle Arena 878,RPG,Mobile,Multiplayer,Story Based,Medium,8.7,2018,EA Sports,Anime,Medium,Competitive,88
Night Hunter 879,Sports,PlayStation,Single Player,Battle Royale,Medium,6.6,2018,Nintendo,Realistic,Short,LAN,70
Road Fury 880,Adventure,Xbox,Single Player,Tactical,Hard,7.2,2020,Ubisoft,Anime,Long,LAN,70
Shadow Strike 881,Strategy,Mobile,Single Player,Simulation,Easy,7.3,2018,EA Sports,Realistic,Long,LAN,82
Mystic World 882,Simulation,PlayStation,Multiplayer,Sandbox,Easy,8.7,2017,Activision,Realistic,Long,Casual,72
Battle Arena 883,Simulation,Xbox,Single Player,Open World,Easy,6.6,2025,Epic Games,3D,Medium,Competitive,79
Space Raiders 884,Racing,PC,Multiplayer,Tactical,Easy,6.8,2024,EA Sports,Realistic,Short,LAN,90
Hero Clash 885,Horror,Xbox,Single Player,Sandbox,Easy,9.1,2017,CD Projekt,Realistic,Long,LAN,72
Dragon Realm 886,Sports,Mobile,Single Player,Battle Royale,Easy,7.1,2017,Bethesda,Pixel,Medium,LAN,78
Space Raiders 887,Adventure,Nintendo,Multiplayer,Sandbox,Easy,8.7,2023,Activision,Anime,Medium,Online Co-op,77
Zombie Escape 888,Simulation,PlayStation,Multiplayer,Sandbox,Easy,7.3,2024,Rockstar,Pixel,Medium,Casual,72
Mystic World 889,Survival,PC,Single Player,Simulation,Medium,6.8,2022,Rockstar,Realistic,Long,Online Co-op,94
Shadow Strike 890,Strategy,PC,Multiplayer,Tactical,Medium,7.3,2018,Rockstar,3D,Long,Casual,82
Zombie Escape 891,Simulation,Xbox,Multiplayer,Simulation,Easy,8.9,2024,Rockstar,Pixel,Long,LAN,75
Cyber Quest 892,RPG,Xbox,Single Player,Battle Royale,Medium,9.3,2018,Bethesda,Pixel,Long,Competitive,82
Space Raiders 893,Adventure,Nintendo,Single Player,Battle Royale,Easy,9.2,2020,EA Sports,Cartoon,Long,Solo,92
Road Fury 894,Strategy,Nintendo,Single Player,Simulation,Hard,7.8,2024,Valve,Realistic,Long,Solo,89
Dragon Realm 895,Strategy,Nintendo,Multiplayer,Sandbox,Hard,8.7,2018,EA Sports,3D,Long,LAN,89
Epic Champions 896,Simulation,PC,Multiplayer,Tactical,Easy,7.2,2022,Nintendo,Pixel,Long,Online Co-op,81
Pixel Warriors 897,Racing,PC,Single Player,Story Based,Easy,7.5,2016,Epic Games,Pixel,Long,Competitive,82
Hero Clash 898,Survival,PlayStation,Multiplayer,Simulation,Easy,9.5,2019,Ubisoft,3D,Medium,Casual,71
Cyber Quest 899,Horror,Nintendo,Single Player,Open World,Hard,6.5,2019,Valve,Realistic,Long,LAN,90
Night Hunter 900,Adventure,PC,Multiplayer,Tactical,Hard,6.8,2022,Valve,Cartoon,Short,Competitive,93
Epic Champions 901,Simulation,Xbox,Multiplayer,Sandbox,Medium,7.2,2023,EA Sports,Pixel,Medium,Competitive,92
Fantasy Kings 902,Racing,Nintendo,Single Player,Battle Royale,Hard,6.6,2016,Valve,Cartoon,Long,Casual,85
Road Fury 903,Shooter,Xbox,Multiplayer,Tactical,Easy,7.1,2020,Capcom,Anime,Short,Competitive,92
Battle Arena 904,Simulation,Xbox,Multiplayer,Story Based,Easy,8.4,2022,Capcom,Realistic,Long,Online Co-op,75
Cyber Quest 905,Survival,PC,Single Player,Tactical,Hard,7.9,2019,Nintendo,Anime,Short,Online Co-op,88
Epic Champions 906,Survival,Xbox,Single Player,Tactical,Easy,9.4,2019,Ubisoft,Anime,Short,Online Co-op,90
Road Fury 907,Racing,Nintendo,Single Player,Tactical,Easy,9.2,2019,CD Projekt,Anime,Short,Competitive,82
Zombie Escape 908,Racing,Mobile,Single Player,Open World,Medium,7.6,2021,Bethesda,Realistic,Short,Online Co-op,86
Survival Zone 909,Action,PC,Single Player,Story Based,Hard,7.4,2022,EA Sports,Realistic,Medium,Casual,92
Pixel Warriors 910,RPG,Xbox,Single Player,Sandbox,Hard,7.8,2017,Bethesda,3D,Medium,Competitive,78
Zombie Escape 911,RPG,PlayStation,Single Player,Story Based,Hard,8.4,2020,CD Projekt,Cartoon,Short,Solo,86
Survival Zone 912,Strategy,PlayStation,Multiplayer,Tactical,Easy,7.4,2019,EA Sports,Cartoon,Long,Competitive,98
Speed Legends 913,Strategy,Mobile,Multiplayer,Sandbox,Easy,8.6,2018,EA Sports,3D,Short,Casual,71
Shadow Strike 914,Simulation,PlayStation,Multiplayer,Simulation,Medium,7.9,2022,Ubisoft,3D,Medium,Solo,88
Dragon Realm 915,Sports,PlayStation,Single Player,Tactical,Medium,8.3,2021,Bethesda,Anime,Long,Competitive,88
Mystic World 916,Racing,Nintendo,Single Player,Battle Royale,Easy,7.9,2022,Capcom,3D,Medium,Online Co-op,93
Speed Legends 917,Shooter,PlayStation,Multiplayer,Story Based,Hard,7.5,2020,Rockstar,Pixel,Medium,LAN,76
Road Fury 918,RPG,Mobile,Single Player,Story Based,Easy,9.6,2021,Bethesda,Cartoon,Long,LAN,91
Dragon Realm 919,Sports,Xbox,Multiplayer,Sandbox,Easy,9.0,2020,Epic Games,3D,Short,Online Co-op,79
Mystic World 920,Sports,PC,Single Player,Open World,Hard,7.0,2022,Epic Games,Pixel,Short,LAN,79
Survival Zone 921,Sports,PC,Multiplayer,Story Based,Hard,9.4,2017,EA Sports,Pixel,Short,LAN,96
Cyber Quest 922,Sports,PC,Single Player,Tactical,Hard,8.1,2020,Rockstar,Pixel,Short,Online Co-op,89
Night Hunter 923,Racing,Xbox,Single Player,Open World,Easy,9.5,2021,Activision,Pixel,Long,Online Co-op,78
Shadow Strike 924,Action,Xbox,Single Player,Open World,Medium,9.1,2021,CD Projekt,Anime,Long,Competitive,86
Hero Clash 925,Simulation,Mobile,Single Player,Simulation,Medium,7.9,2020,Nintendo,Pixel,Long,Competitive,96
Shadow Strike 926,Simulation,PlayStation,Single Player,Battle Royale,Easy,6.6,2025,Rockstar,Anime,Medium,Online Co-op,84
Cyber Quest 927,Racing,Nintendo,Single Player,Open World,Easy,7.4,2022,Nintendo,Anime,Long,Casual,71
Survival Zone 928,Action,PC,Single Player,Story Based,Medium,8.3,2025,Bethesda,Pixel,Short,LAN,99
Dark Odyssey 929,RPG,Nintendo,Multiplayer,Battle Royale,Medium,8.6,2023,Bethesda,Cartoon,Medium,Competitive,73
Survival Zone 930,Survival,Xbox,Single Player,Simulation,Hard,7.4,2022,Nintendo,Pixel,Short,LAN,88
Hero Clash 931,Simulation,Xbox,Single Player,Tactical,Medium,7.0,2020,CD Projekt,Pixel,Short,Solo,86
Survival Zone 932,Racing,PlayStation,Multiplayer,Tactical,Medium,9.3,2016,Rockstar,Pixel,Long,Online Co-op,74
Speed Legends 933,Horror,PlayStation,Single Player,Open World,Medium,9.7,2020,Activision,Cartoon,Long,Casual,76
Speed Legends 934,Action,Mobile,Multiplayer,Battle Royale,Easy,8.2,2025,EA Sports,Realistic,Short,Solo,87
Hero Clash 935,Racing,Xbox,Single Player,Simulation,Medium,7.1,2017,Ubisoft,Realistic,Short,Solo,90
Pixel Warriors 936,Simulation,PC,Single Player,Open World,Easy,7.4,2020,Bethesda,Anime,Medium,Solo,91
Dragon Realm 937,Survival,PlayStation,Single Player,Simulation,Medium,6.6,2020,Epic Games,Anime,Long,Online Co-op,96
Epic Champions 938,Sports,Nintendo,Multiplayer,Battle Royale,Medium,9.5,2017,CD Projekt,Cartoon,Medium,Competitive,76
Zombie Escape 939,Survival,Nintendo,Single Player,Open World,Hard,6.9,2020,Ubisoft,3D,Medium,Online Co-op,86
Zombie Escape 940,Shooter,PlayStation,Single Player,Tactical,Hard,8.4,2019,Activision,Realistic,Medium,Competitive,76
Shadow Strike 941,Racing,Xbox,Multiplayer,Sandbox,Easy,7.4,2016,Valve,Anime,Short,Solo,73
Night Hunter 942,Horror,PlayStation,Single Player,Tactical,Easy,8.3,2018,EA Sports,Realistic,Medium,Solo,77
Speed Legends 943,Action,Xbox,Multiplayer,Story Based,Easy,8.6,2016,Bethesda,Cartoon,Medium,Casual,82
Dragon Realm 944,Simulation,PC,Multiplayer,Battle Royale,Hard,9.2,2020,EA Sports,Cartoon,Short,Competitive,73
Dragon Realm 945,RPG,Mobile,Single Player,Sandbox,Medium,7.2,2019,Ubisoft,3D,Long,Solo,75
Night Hunter 946,Simulation,Mobile,Multiplayer,Sandbox,Medium,6.5,2022,EA Sports,3D,Long,LAN,94
Speed Legends 947,Adventure,PC,Single Player,Open World,Easy,7.0,2020,Valve,Cartoon,Medium,Casual,74
Fantasy Kings 948,Adventure,PlayStation,Single Player,Open World,Hard,9.5,2025,Ubisoft,Anime,Short,Online Co-op,99
Epic Champions 949,Shooter,Nintendo,Single Player,Sandbox,Hard,9.4,2019,Bethesda,Realistic,Long,Casual,81
Battle Arena 950,Simulation,PC,Multiplayer,Sandbox,Hard,8.5,2017,Rockstar,Pixel,Medium,LAN,73
Dragon Realm 951,Strategy,PC,Single Player,Simulation,Hard,8.5,2019,Epic Games,3D,Medium,Competitive,93
Road Fury 952,Adventure,Nintendo,Multiplayer,Story Based,Hard,8.7,2017,Ubisoft,Pixel,Short,Online Co-op,98
Road Fury 953,Strategy,Xbox,Single Player,Sandbox,Medium,7.1,2023,Capcom,Anime,Medium,Online Co-op,78
Shadow Strike 954,Horror,Nintendo,Single Player,Tactical,Medium,9.5,2018,Valve,3D,Long,Competitive,73
Zombie Escape 955,Survival,Nintendo,Single Player,Open World,Easy,7.9,2024,Ubisoft,Pixel,Short,Casual,88
Dragon Realm 956,Sports,Xbox,Multiplayer,Tactical,Easy,7.8,2019,Ubisoft,Anime,Long,Solo,93
Space Raiders 957,Shooter,Nintendo,Single Player,Open World,Hard,8.2,2021,Capcom,Realistic,Long,Casual,83
Battle Arena 958,Adventure,Mobile,Multiplayer,Sandbox,Hard,6.7,2025,Bethesda,Anime,Long,LAN,74
Dragon Realm 959,Survival,Xbox,Multiplayer,Story Based,Easy,7.0,2020,Ubisoft,3D,Medium,Solo,87
Shadow Strike 960,RPG,Xbox,Multiplayer,Story Based,Hard,8.9,2025,Epic Games,Cartoon,Medium,Casual,79
Cyber Quest 961,Adventure,PC,Multiplayer,Open World,Hard,6.8,2016,EA Sports,Realistic,Long,Competitive,94
Battle Arena 962,Sports,Mobile,Multiplayer,Story Based,Easy,8.5,2024,Bethesda,Pixel,Long,LAN,88
Night Hunter 963,Adventure,Xbox,Single Player,Story Based,Medium,7.3,2016,Epic Games,3D,Short,LAN,81
Zombie Escape 964,Simulation,PC,Multiplayer,Simulation,Hard,7.8,2023,Bethesda,Cartoon,Short,LAN,87
Pixel Warriors 965,Horror,Mobile,Multiplayer,Story Based,Medium,7.5,2024,Epic Games,Anime,Medium,Solo,86
Survival Zone 966,Shooter,Mobile,Multiplayer,Battle Royale,Hard,7.7,2024,Valve,Cartoon,Medium,Online Co-op,99
Speed Legends 967,Adventure,PC,Single Player,Story Based,Medium,8.9,2016,Epic Games,3D,Short,Solo,93
Epic Champions 968,Simulation,PlayStation,Single Player,Simulation,Medium,7.5,2017,Nintendo,3D,Long,Casual,80
Space Raiders 969,Survival,PlayStation,Single Player,Open World,Medium,8.4,2016,Epic Games,Cartoon,Medium,Online Co-op,72
Mystic World 970,Horror,Xbox,Single Player,Open World,Hard,8.1,2025,Rockstar,Anime,Long,Casual,92
Dragon Realm 971,Racing,Nintendo,Single Player,Story Based,Medium,8.7,2017,Rockstar,Cartoon,Short,Online Co-op,86
Dragon Realm 972,Action,PlayStation,Multiplayer,Story Based,Medium,9.6,2025,CD Projekt,3D,Medium,Solo,70
Mystic World 973,RPG,PC,Single Player,Simulation,Hard,8.9,2023,Nintendo,3D,Medium,LAN,84
Zombie Escape 974,Action,PlayStation,Single Player,Tactical,Hard,7.2,2020,Nintendo,Pixel,Short,Competitive,97
Cyber Quest 975,Simulation,PC,Multiplayer,Simulation,Hard,6.6,2022,EA Sports,Pixel,Medium,LAN,78
Epic Champions 976,Strategy,Mobile,Multiplayer,Battle Royale,Hard,7.4,2017,Nintendo,Realistic,Short,Solo,84
Night Hunter 977,RPG,Mobile,Single Player,Story Based,Medium,8.5,2023,EA Sports,3D,Medium,Online Co-op,97
Speed Legends 978,RPG,Mobile,Single Player,Open World,Hard,6.7,2021,CD Projekt,Pixel,Short,LAN,93
Speed Legends 979,RPG,Mobile,Multiplayer,Open World,Hard,8.1,2023,CD Projekt,Cartoon,Medium,Solo,97
Battle Arena 980,Horror,PlayStation,Multiplayer,Tactical,Easy,8.5,2016,Valve,Anime,Long,Casual,98
Night Hunter 981,Survival,Xbox,Multiplayer,Story Based,Hard,7.6,2016,Rockstar,Cartoon,Long,Competitive,72
Dark Odyssey 982,Shooter,Xbox,Single Player,Tactical,Medium,9.0,2022,Epic Games,Anime,Long,LAN,91
Hero Clash 983,Action,PC,Multiplayer,Battle Royale,Easy,6.9,2023,Epic Games,Pixel,Medium,Online Co-op,96
Space Raiders 984,Horror,PC,Single Player,Story Based,Hard,6.7,2018,Capcom,Realistic,Medium,Casual,88
Speed Legends 985,Action,Mobile,Single Player,Open World,Medium,8.9,2020,Capcom,Cartoon,Long,Solo,82
Survival Zone 986,Adventure,Xbox,Single Player,Simulation,Hard,8.1,2016,Activision,Cartoon,Long,Competitive,81
Shadow Strike 987,Horror,Nintendo,Multiplayer,Sandbox,Hard,8.8,2022,Bethesda,Cartoon,Short,Online Co-op,89
Hero Clash 988,Action,PlayStation,Multiplayer,Sandbox,Medium,7.9,2020,Valve,Anime,Short,Solo,70
Pixel Warriors 989,Simulation,PC,Multiplayer,Battle Royale,Hard,7.3,2023,Activision,Pixel,Short,Solo,90
Space Raiders 990,Adventure,Mobile,Multiplayer,Battle Royale,Easy,9.2,2023,Activision,Cartoon,Long,LAN,86
Night Hunter 991,Strategy,Nintendo,Multiplayer,Sandbox,Easy,9.1,2024,Ubisoft,Cartoon,Long,LAN,82
Fantasy Kings 992,Horror,Nintendo,Multiplayer,Story Based,Easy,8.8,2022,Ubisoft,Realistic,Long,Online Co-op,70
Road Fury 993,Sports,Nintendo,Multiplayer,Open World,Medium,7.4,2016,Activision,Realistic,Short,Solo,79
Mystic World 994,Strategy,Mobile,Multiplayer,Story Based,Medium,8.4,2018,Nintendo,Pixel,Medium,LAN,84
Night Hunter 995,Shooter,PlayStation,Single Player,Battle Royale,Easy,7.7,2023,Bethesda,Pixel,Long,Competitive,96
Pixel Warriors 996,Simulation,PlayStation,Multiplayer,Story Based,Easy,6.8,2018,Valve,3D,Medium,Competitive,96
Survival Zone 997,Adventure,PC,Single Player,Simulation,Easy,9.5,2023,Activision,Realistic,Medium,Solo,99
Zombie Escape 998,Sports,Xbox,Multiplayer,Tactical,Hard,7.0,2016,Epic Games,3D,Medium,LAN,76
Dragon Realm 999,Survival,Mobile,Multiplayer,Story Based,Easy,9.6,2020,Bethesda,Anime,Short,Online Co-op,97
Space Raiders 1000,Shooter,Mobile,Single Player,Tactical,Easy,8.0,2019,Ubisoft,3D,Medium,Online Co-op,91
